y_train,RF_proba,LR_proba,GBC_proba,ABC_proba,XGB_proba,LGB_proba
0,0.27977109014297524,0.22199591257846685,0.09421950040138687,0.2813440436367968,0.22547302,0.2915382767458172
0,0.7080624421827975,0.9062664539351855,0.5691600069310712,0.42212841995626943,0.80031615,0.7509537111518358
0,0.19778314094055358,0.1482971326302092,0.07117311590075731,0.26087588312216314,0.21854156,0.2086048655196044
0,0.4509840273091429,0.453235478534122,0.14739723056625054,0.34201016111076815,0.33320764,0.409081352026936
0,0.6047213548797009,0.8325855179197406,0.3883553922944046,0.403407630237987,0.7453235,0.6769639736342964
0,0.3227471569482134,0.320739855124812,0.07773599412024557,0.26494659182182073,0.2933881,0.24849957845514684
0,0.23722952127720323,0.19090945507201298,0.059719588534569726,0.25017871781593526,0.19242013,0.19619893753905235
0,0.3899331916296569,0.3578380469184348,0.11811701140987062,0.30437663629995587,0.36945906,0.37378420167302084
0,0.5858665507011684,0.5795109500334089,0.2616446862679357,0.35676263114588835,0.55258864,0.5931834342114336
0,0.25983834853176196,0.13164061785891357,0.06233608448628304,0.2813440436367968,0.19717334,0.2042304784093571
0,0.4330118164318352,0.46784502756566654,0.11449994773057189,0.30699538790254444,0.35653013,0.39180550812296105
0,0.14102102784591103,0.03323117602177706,0.05117348878682712,0.15922881967740987,0.12214082,0.10937072252065239
0,0.38892317753759775,0.4168077865181228,0.16175552466019388,0.29722235750252507,0.38229653,0.3812393904172057
0,0.45903115175498455,0.4373815974502128,0.17611266506588222,0.30437663629995587,0.46547708,0.47055965544298295
0,0.3543878161900953,0.1966137681009317,0.07807223630779311,0.2908110213121297,0.20013075,0.3095599508067519
0,0.3607642280061708,0.21979636301378075,0.11300065787752714,0.29722235750252507,0.2865259,0.31229232038681093
0,0.32798985832895367,0.27586954694979926,0.08287896107974282,0.2828924288633443,0.28028032,0.28522674613989896
0,0.3129213215568612,0.2977281712488865,0.10603328094266949,0.2760427397204798,0.31229272,0.315025240092841
0,0.4553010370595581,0.5053959299319165,0.16514154840737508,0.32097427332491196,0.4917695,0.4359912372737814
0,0.4266358218286662,0.29753385359723317,0.14028829710828788,0.32097427332491196,0.39075398,0.35863801403135603
0,0.41396686327773563,0.3842093935448839,0.15408031365015382,0.30437663629995587,0.43287405,0.41125119472216914
0,0.42691760937743767,0.39014722209458214,0.1379278940512904,0.30437663629995587,0.41986993,0.436533216474074
0,0.15766664600382288,0.08262985934094408,0.054023316929147136,0.26087588312216314,0.14777191,0.18696105186607473
0,0.4617277235094437,0.3854396239735035,0.15653467311907418,0.3392389363693156,0.43766946,0.4501086167508541
0,0.4553657532894104,0.44314500591178874,0.17611266506588222,0.30437663629995587,0.46547708,0.47055965544298295
0,0.1058171284356669,0.023767761939198242,0.032270911275584076,0.13051835488579278,0.0647274,0.08314673908073998
0,0.17650649666163765,0.10974445399219551,0.06057203959376248,0.23124830142776723,0.1802843,0.1869422534624127
0,0.4631818801594655,0.4012505117000945,0.15232815952497164,0.3392389363693156,0.42739064,0.4501086167508541
0,0.37261678582670865,0.4220655587473531,0.15272386625493,0.2813440436367968,0.38632953,0.4021432231966793
0,0.31932909563819944,0.27419936766164776,0.11531616028433184,0.2813440436367968,0.28200504,0.3086042103862428
0,0.4634695718069997,0.5180566438402888,0.1436692836914691,0.32097427332491196,0.483332,0.4254148953908766
0,0.4221353980251774,0.39440294375194335,0.1497971405649274,0.30437663629995587,0.43287405,0.41125119472216914
0,0.5889573685636873,0.5833055544964489,0.2402118135675022,0.35676263114588835,0.53446406,0.5931834342114336
0,0.1849956677077943,0.032279256171901576,0.04648715129571312,0.14489198970126202,0.103366405,0.12067323343897665
0,0.38892317753759775,0.41775560437917625,0.16175552466019388,0.29722235750252507,0.38229653,0.3812393904172057
0,0.4220805833593437,0.3590330693811858,0.14117957869534653,0.3392389363693156,0.4210392,0.4047587260542787
0,0.35245823411706195,0.20474119126215917,0.08596208625717554,0.2908110213121297,0.24930036,0.31630476605703234
0,0.26477079679395027,0.20198268027051683,0.08485358588197645,0.25017871781593526,0.25926706,0.22215561270990716
0,0.1937868637111813,0.1131850917874312,0.06370641387425953,0.26087588312216314,0.1561743,0.2265716816232488
0,0.1314816153378259,0.024856198523717878,0.046013064308558095,0.14489198970126202,0.07804874,0.11417409049745501
0,0.3899331916296569,0.3507045570202161,0.12151421875272794,0.30437663629995587,0.38777405,0.37378420167302084
0,0.5164629964343568,0.6084925131831469,0.23722289745065142,0.35676263114588835,0.5639863,0.47663228394090745
0,0.2437630370176139,0.18997615058498535,0.08587666125716413,0.26087588312216314,0.25440758,0.27623178903431667
0,0.4425263070517678,0.46355783671660933,0.13522149898162153,0.32097427332491196,0.45552716,0.41117300874633866
0,0.45456625841295933,0.3232819882796568,0.12991963099262677,0.3392389363693156,0.40794003,0.4107591562601256
0,0.16793755958308362,0.06150330299177541,0.03737646780128184,0.21991155077151797,0.105207615,0.14998689119358183
0,0.34148608433256167,0.2778937317607926,0.12250994719159017,0.31641329353581055,0.35256615,0.31439800142026975
0,0.4750542724317022,0.5878613199510645,0.17468918593506277,0.34191811854908205,0.47221816,0.4232283625441047
0,0.20263239387052168,0.046584158177787306,0.09336121393806189,0.15980320665535255,0.16144128,0.15232497501531636
0,0.4322978422442537,0.4423123710900612,0.13067436124632406,0.32097427332491196,0.44661847,0.41117300874633866
0,0.5023851391288059,0.4560051500237577,0.18254030757496548,0.3392389363693156,0.46860647,0.5101449802130139
0,0.5569397812544501,0.6819397111789449,0.2532150902994024,0.3655996288274654,0.58472013,0.546127438536361
0,0.391424447023159,0.3071577703392614,0.09542103194760938,0.3248451422801518,0.26409137,0.3444646611012686
0,0.38870107676201543,0.3659697453306519,0.12405688001194028,0.31641329353581055,0.38804013,0.35646707022730845
0,0.44641420962832723,0.3129892558643903,0.15094177051221538,0.30437663629995587,0.3812551,0.43379309452739406
0,0.58846538921567,0.8432413102206909,0.43117900982687446,0.40638065837321624,0.66445124,0.7031474473735234
0,0.43692116626020094,0.3913843811629407,0.1126294005462068,0.3248451422801518,0.29269862,0.3928431729634819
0,0.3355551505800034,0.1956996179326038,0.08705889785766988,0.26494659182182073,0.29051644,0.24802240637008896
0,0.13057264651436987,0.020960654866469492,0.042238473025184,0.1261878103232482,0.08866616,0.07820947023911237
0,0.4769487383785807,0.5397047288664317,0.17051985405904532,0.3248451422801518,0.49046916,0.4959880277654797
0,0.5321853861599013,0.5182502812788043,0.19565646099621933,0.3392389363693156,0.49261957,0.5551291662515225
0,0.20400705263502467,0.1241866859520625,0.05551744662680789,0.26087588312216314,0.16278766,0.2302632068066618
0,0.7365803717638745,0.9131484093027692,0.4619449084508754,0.5117368743966855,0.8219489,0.7731593991745298
0,0.4085800516077457,0.3750297127519217,0.13745426882579959,0.30437663629995587,0.3813193,0.40581445213165035
0,0.6300781133641515,0.8127732837111984,0.31027859843039857,0.38369429820894396,0.6828556,0.6402770969003992
0,0.5220091592733873,0.5724084890008951,0.22862522379776873,0.3392389363693156,0.5736482,0.5864605072801824
0,0.48875777208585375,0.47369647419623695,0.29216212532729496,0.30437663629995587,0.5247525,0.4591991978019054
0,0.7203094885408708,0.9235127658262485,0.5988465419150555,0.42212841995626943,0.8428175,0.7896944909983961
0,0.22185224696050593,0.060706333818191544,0.07032971490879811,0.17359490736771332,0.18316883,0.150399100893703
0,0.3225836970571765,0.2010172880831154,0.08610843313326731,0.26494659182182073,0.2957843,0.24344200331144816
0,0.5933259509142949,0.46949607023682566,0.39934512620061524,0.27976244262348543,0.47372806,0.5926179103903968
0,0.3957796073544948,0.3377998405725599,0.09542103194760938,0.3248451422801518,0.25219804,0.3444646611012686
0,0.24179468126259426,0.04942006160067201,0.05680653935984579,0.17359490736771332,0.15672672,0.12584546209753592
0,0.2917790163087965,0.09806521351071085,0.09018945960502135,0.18181149189496298,0.23153488,0.1598953475097225
0,0.47957485098908154,0.5456323967623445,0.13347127516092397,0.32097427332491196,0.43915918,0.444907242734851
0,0.4885861584921695,0.42051488850927965,0.18687329803340522,0.3392389363693156,0.47647655,0.5101449802130139
0,0.41055602077091125,0.3388939465120418,0.11223074737038055,0.30437663629995587,0.36239225,0.3554170243861768
0,0.42467341830262373,0.3375567793797278,0.14578161053950187,0.35676263114588835,0.38515076,0.35331473953008075
0,0.4210048445192587,0.42836738423201787,0.1338157424620562,0.30437663629995587,0.41418585,0.41125119472216914
0,0.4373396518110664,0.29256599159914387,0.12838081013604374,0.3392389363693156,0.37241653,0.36211791761315565
0,0.5870602187554939,0.7769913066042237,0.4421177244597877,0.4187815203558048,0.67164576,0.7442390715638415
0,0.43618455045049437,0.4069640438838539,0.1426860081951659,0.30437663629995587,0.4194928,0.436533216474074
0,0.43585848198617555,0.30619101622700645,0.131729373801797,0.30437663629995587,0.37190542,0.3495447635121283
0,0.5015911280109095,0.5957993447488235,0.30458817114897424,0.32097427332491196,0.5832916,0.4639600083256787
0,0.7002801175879276,0.9015268428755565,0.4976393265656262,0.42212841995626943,0.7813556,0.731502890074727
0,0.2607586843643935,0.22515364287582704,0.07099482081294259,0.25017871781593526,0.22178514,0.23000645128678882
0,0.38856201216129294,0.3601293299187065,0.09373820853079182,0.30699538790254444,0.3143636,0.3438103520734798
0,0.25983834853176196,0.13164061785891357,0.06233608448628304,0.2813440436367968,0.19717334,0.2042304784093571
0,0.4890013507145879,0.6537052865897666,0.2442881259956544,0.3878894728232673,0.46845725,0.5163648276166924
0,0.3899331916296569,0.3578380469184348,0.11811701140987062,0.30437663629995587,0.36945906,0.37378420167302084
0,0.4890013507145879,0.6537052865897666,0.2442881259956544,0.3878894728232673,0.46845725,0.5163648276166924
0,0.5752879269725854,0.5965507789481413,0.3737323606722044,0.3421230926345589,0.5782146,0.6510102530945597
0,0.547595918997994,0.8072988171116309,0.28412367515120923,0.3878894728232673,0.59223664,0.6050645714731886
0,0.5688012578789331,0.6747780028230677,0.2549211186628218,0.3869917889048607,0.6022757,0.5211637925183945
0,0.4769487383785807,0.5397047288664317,0.17051985405904532,0.3248451422801518,0.49046916,0.4959880277654797
0,0.25983834853176196,0.13164061785891357,0.06233608448628304,0.2813440436367968,0.19717334,0.2042304784093571
0,0.4330118164318352,0.46784502756566654,0.11449994773057189,0.30699538790254444,0.35653013,0.39180550812296105
0,0.4221353980251774,0.3962665167512532,0.1497971405649274,0.30437663629995587,0.43287405,0.41125119472216914
0,0.12518019036300357,0.028675203373326484,0.04728252225957561,0.14489198970126202,0.09164113,0.08748958850796194
0,0.4691663304461632,0.5858362990651544,0.17617701171370762,0.34201016111076815,0.41724715,0.4653200111996433
0,0.25931573017376364,0.21718717508155738,0.04625658644332905,0.25250042891762137,0.17310502,0.19615280721179262
0,0.07787143530163623,0.014181746356467117,0.031028898583606464,0.1261878103232482,0.06928941,0.06945535396317915
0,0.28280513549073455,0.2489287587981135,0.0928808990371401,0.2760427397204798,0.28445715,0.29181249007044036
0,0.19750148524540442,0.0595115822274292,0.05782756332627296,0.1698440659185594,0.1806248,0.11912872620295019
0,0.3844291902066601,0.44998386378178556,0.1618327240642877,0.29722235750252507,0.36774537,0.3659658254964992
0,0.6918047867643334,0.8201389291682094,0.37040158194946615,0.4255281566377082,0.76035243,0.6469266867660903
0,0.5660880512779274,0.7441975641754726,0.37304096469956755,0.35676263114588835,0.7069188,0.6176013556534712
0,0.29375867981197784,0.22381459113569005,0.10902167914014492,0.26087588312216314,0.28948605,0.35784926205872286
0,0.5347596402787402,0.5923144875751081,0.23565684334091494,0.3392389363693156,0.58143014,0.5864605072801824
0,0.46931676056991906,0.5628614270048253,0.2274736059586366,0.31641329353581055,0.5533675,0.49211537704014974
0,0.4228697020277308,0.4862851001388469,0.18144470576576882,0.29722235750252507,0.44381943,0.3990024795988575
0,0.3355179941050004,0.18371903231352965,0.08937322267964147,0.26494659182182073,0.28137147,0.25634437048821257
0,0.41617981739983134,0.33912005649049415,0.14745122512048472,0.29722235750252507,0.3558707,0.377907418580585
0,0.3947451188337214,0.3803855750710171,0.16682787609566527,0.29722235750252507,0.38120395,0.38412590037202027
0,0.3947451188337214,0.38498975685041664,0.16225831322111386,0.29722235750252507,0.38120395,0.38412590037202027
0,0.3172578326596366,0.14648630693666032,0.12418603034241416,0.1849572037660937,0.29463494,0.17915178642953158
0,0.48875777208585375,0.4814765640545544,0.29216212532729496,0.30437663629995587,0.5247525,0.4591991978019054
0,0.3731194065073872,0.2758580825770735,0.12523679876654933,0.29722235750252507,0.30534378,0.3559852170390651
0,0.26538725771014227,0.15925710797309756,0.07602222081226359,0.2828924288633443,0.25380737,0.22167282243935
0,0.5258759851884363,0.5595591270540651,0.22792249843154724,0.3392389363693156,0.55025446,0.5655559242218223
0,0.41746561429113,0.43176338895670796,0.12515718908397738,0.32097427332491196,0.44937783,0.3851444883761787
0,0.4889591525278171,0.22960136359887243,0.16423932121204918,0.3249552050673288,0.37658986,0.4259266627599536
0,0.14102102784591103,0.03236564920426234,0.05117348878682712,0.15922881967740987,0.12499818,0.10937072252065239
0,0.4105365597354448,0.3544131767358255,0.15799804098600356,0.33335275238432155,0.40565595,0.37463869003307226
0,0.4221353980251774,0.3962665167512532,0.1497971405649274,0.30437663629995587,0.43287405,0.41125119472216914
0,0.3527626458509437,0.2536667804062278,0.07020728897032377,0.30437663629995587,0.25879222,0.2383511532924131
0,0.32772260872849657,0.15066880733711907,0.14824375412378477,0.2264053065589047,0.28952026,0.17642127266621904
0,0.42989427039254424,0.2905915685220297,0.14838607162850243,0.32097427332491196,0.38818005,0.33127303585078116
0,0.4662726980219843,0.4031249021310618,0.13817427735562657,0.3392389363693156,0.42739064,0.4501086167508541
0,0.3170839283031661,0.18367674280704596,0.09856182143842096,0.2828924288633443,0.24177729,0.2990104142745661
0,0.4425263070517678,0.454846054015089,0.13522149898162153,0.32097427332491196,0.44661847,0.41117300874633866
0,0.07572611054509343,0.014568317830704105,0.031028898583606464,0.1261878103232482,0.06928941,0.06945535396317915
0,0.576368973217107,0.6753924095280718,0.3671247413521487,0.35676263114588835,0.6595676,0.6369479186840431
0,0.19850020681635097,0.12094247247793317,0.06301074750328807,0.26087588312216314,0.1999002,0.20743091345805065
0,0.5685757559323804,0.694484569274198,0.3529129253900675,0.3655996288274654,0.6740938,0.6034383227879434
0,0.30791938409820657,0.2180817810531762,0.07374576123437451,0.2699128005996935,0.20994408,0.28242307632443425
0,0.3533115007944603,0.43021969263236465,0.10011193915900675,0.28384549074128235,0.28334936,0.30524263659203515
0,0.271048330701972,0.10206556014521657,0.055367062476270996,0.26494659182182073,0.21351604,0.19589574115528777
0,0.21058793936723158,0.08623503489949476,0.03633182531761956,0.23820147971668393,0.08351631,0.15978287843326514
0,0.05560587509370189,0.008476929220458897,0.02031140422464012,0.13703413142879445,0.041694675,0.0649452775443619
0,0.30101447832067246,0.14738018302107153,0.06467893412745458,0.25017871781593526,0.21855287,0.24416280604330476
0,0.4872582413454687,0.5933753790685163,0.16450243575800624,0.32097427332491196,0.5055859,0.4682110430461937
0,0.2809084980191703,0.27273859078906293,0.10623789181059307,0.26087588312216314,0.29677084,0.3273053658607895
0,0.10681468033905349,0.030282974769750687,0.030721484637174532,0.13703413142879445,0.05785899,0.08657276873531246
0,0.2265304402834178,0.22274666871907242,0.09669538826325105,0.26087588312216314,0.24504025,0.26304264638670183
0,0.20400705263502467,0.12718495657463497,0.052764743884629144,0.26087588312216314,0.147603,0.220611355228407
0,0.5641871546886701,0.6193010035655298,0.3177841599517337,0.3392389363693156,0.64134455,0.6286255336943701
0,0.16852141452922417,0.04614369790135612,0.053759844265631455,0.1598581336089065,0.099166125,0.10118679981852038
0,0.538283238822487,0.5681861752454963,0.2522905958838684,0.3392389363693156,0.5946852,0.581693031568064
0,0.2881065572471678,0.16550041441409713,0.1328874788708629,0.18429732286559425,0.20629974,0.22465607314932654
0,0.08751606078064876,0.02426542117585071,0.026307859495433697,0.13703413142879445,0.04840388,0.07007997689099621
0,0.4073344026802906,0.36749712003622076,0.1165267756736265,0.32097427332491196,0.37240127,0.2996086616942772
0,0.17883705309834952,0.10583853183861748,0.04690364159620308,0.23124830142776723,0.17314473,0.18272206889660192
0,0.41367188240325375,0.37777453057277405,0.17645796948222353,0.30437663629995587,0.43861118,0.42087827340071665
0,0.2734185667522888,0.11080356145503281,0.08175151565589832,0.18764102806246905,0.18742631,0.1806718520762922
0,0.14815874548619473,0.04045472904494344,0.05539355741068053,0.14489198970126202,0.11134042,0.11531181565373097
0,0.11731841137977791,0.02792491216001533,0.048781160420648416,0.14489198970126202,0.08673932,0.08748958850796194
0,0.25931573017376364,0.21785062420947068,0.04625658644332905,0.25250042891762137,0.18476899,0.19615280721179262
0,0.09187122111198458,0.024637333968621326,0.026307859495433697,0.13703413142879445,0.04840388,0.07007997689099621
0,0.2264346890557707,0.17998775995845362,0.08282992470386591,0.26087588312216314,0.21831666,0.25660657515803864
0,0.17399518240813247,0.04713489664053391,0.06819484690519179,0.14489198970126202,0.12582548,0.11734480259685261
0,0.2691097874986118,0.07098839045926544,0.07232601189389522,0.15820796681208382,0.16571741,0.12325044314847673
0,0.5582522232925683,0.6815960583992439,0.3490712926861237,0.403407630237987,0.6709857,0.5926585454572866
0,0.5321299064016266,0.6628108475196319,0.250666506547128,0.34201016111076815,0.5873331,0.5388990778504599
0,0.4086807180822268,0.25718025771493486,0.15556382105253228,0.30437663629995587,0.37083402,0.3939919958182027
0,0.5612612449006201,0.6403212084215585,0.28047831681261115,0.35676263114588835,0.6042421,0.6036853203145675
0,0.4680541091332471,0.5338895284040461,0.15798020923610154,0.3248451422801518,0.44049802,0.4959880277654797
0,0.2264346890557707,0.18172014687025292,0.08282992470386591,0.26087588312216314,0.21831666,0.25660657515803864
0,0.5461229235187752,0.5300468011072911,0.19936088450834916,0.35676263114588835,0.49513263,0.5341322363729148
0,0.4301696687971767,0.40794323364935015,0.1344961319307532,0.32097427332491196,0.4166456,0.4100984251944547
0,0.2606321838473862,0.20099195327098296,0.08234550448814065,0.25017871781593526,0.26488882,0.24808310381727502
0,0.43739883619767084,0.48773350540528365,0.15451333475807102,0.3248451422801518,0.4719864,0.46328697958946397
0,0.24054813741341363,0.25204533657988787,0.05317024604223752,0.26840886728619995,0.14683646,0.22668493351270072
0,0.4176322617433098,0.37869122356412827,0.17645796948222353,0.30437663629995587,0.44914618,0.42087827340071665
0,0.3607689476230108,0.3110425675769337,0.09549349518465947,0.2908110213121297,0.32470545,0.34087159950403184
0,0.39971900462449084,0.41290492842367965,0.10473333036363018,0.32097427332491196,0.36561584,0.3089678257475588
0,0.6513697948316919,0.8117446970733299,0.5499857529234098,0.4239030569182804,0.731944,0.8026180205457145
0,0.6040956899455322,0.6934231682937033,0.31928065873788164,0.35676263114588835,0.65157443,0.6395781729139122
0,0.10340178044518938,0.019641604215421878,0.02409208682159316,0.13051835488579278,0.049526393,0.06899959184674427
0,0.2880440407453036,0.13149223139945637,0.0703208245380613,0.25017871781593526,0.23190844,0.2605775310981305
0,0.12205005917383037,0.023111890696401943,0.029505601749669666,0.15922881967740987,0.08055342,0.0775337123936938
0,0.2596198727955172,0.08712266605919224,0.07766484500102921,0.17359490736771332,0.20174272,0.15634403981409034
0,0.6906918840490432,0.8808226270813385,0.424558264674969,0.5117368743966855,0.82012695,0.7333183688437256
0,0.33044695167265814,0.1780442127084204,0.09861726958549896,0.29722235750252507,0.24006699,0.28872048659075567
0,0.3164909644160978,0.2682269853000976,0.12237731165200444,0.2760427397204798,0.2928175,0.3234987403778133
0,0.21805393180185031,0.16551163579235717,0.06987795397625292,0.24855628373975192,0.18239526,0.24088612311934265
0,0.18248078842046742,0.06053703829590048,0.03882840570276883,0.21991155077151797,0.16230597,0.18684365162961844
0,0.21511685439685377,0.13916849416945476,0.040604730455787504,0.23820147971668393,0.116563305,0.17097321131273627
0,0.48494012756943355,0.4158938398632484,0.20187221147415885,0.32097427332491196,0.47912157,0.46687392164227187
0,0.3928864614958698,0.42981818517901094,0.15556545285782147,0.29722235750252507,0.40017343,0.36047455555802316
0,0.5677640944843175,0.688292202761497,0.2933220862135805,0.3684661111921704,0.5846606,0.6695163378583173
0,0.5627154015506419,0.6615724621611919,0.25192227213018215,0.35676263114588835,0.5845977,0.6036853203145675
0,0.5787625983220811,0.693792244485775,0.32331145707841114,0.3392389363693156,0.6808375,0.6385876205751413
0,0.38265484643680253,0.3203046335415069,0.12080374760983999,0.30437663629995587,0.38189787,0.37378420167302084
0,0.6007163633206263,0.6011883741915245,0.3469044508486328,0.35676263114588835,0.6225641,0.6221216955877557
0,0.5221976620614425,0.488682821473848,0.26649550002852335,0.34201016111076815,0.62023455,0.5701271460533351
0,0.33678772505015436,0.2592015549943437,0.10669293126627373,0.31641329353581055,0.33981425,0.2877208850301418
0,0.5001202956567112,0.32749993515337184,0.2519472862942324,0.37171166258495836,0.53571355,0.44158388439552687
0,0.28584450675059503,0.27662150912570366,0.10256930075472627,0.26087588312216314,0.28966725,0.3273053658607895
0,0.058498828365178515,0.011171117158431543,0.01980722365289549,0.11920292202211757,0.03869373,0.06009396450624691
0,0.39477064131881634,0.3363957236750018,0.09441852764688702,0.32097427332491196,0.3390867,0.26250638886901045
0,0.21511685439685377,0.12574103549755167,0.040604730455787504,0.23820147971668393,0.12311331,0.17097321131273627
0,0.4769487383785807,0.5397047288664317,0.17051985405904532,0.3248451422801518,0.49046916,0.4959880277654797
0,0.42691760937743767,0.38829391838953425,0.1379278940512904,0.30437663629995587,0.41986993,0.436533216474074
0,0.42691760937743767,0.3799946468450557,0.14187174068211914,0.30437663629995587,0.4301206,0.436533216474074
0,0.3428166557371749,0.21657432927489492,0.08392908833318838,0.30437663629995587,0.29979956,0.24853163866554923
0,0.48378563811677766,0.46068912326576295,0.16635579955133806,0.3392389363693156,0.48035634,0.44882438818913845
0,0.39125239661079625,0.2783265041887135,0.0998908040239928,0.30437663629995587,0.32686526,0.2948324683136744
0,0.26438540244078484,0.13891685367333148,0.04447312942359207,0.25250042891762137,0.14716102,0.19105096147626005
0,0.3604450499951774,0.23666657053184847,0.11673216624884336,0.29722235750252507,0.29408693,0.3290388584805378
0,0.3797047268221426,0.33663837368902155,0.1173654627723337,0.30437663629995587,0.37926745,0.37378420167302084
0,0.4322978422442537,0.4519479919337901,0.13067436124632406,0.32097427332491196,0.44661847,0.41117300874633866
0,0.3744683563474902,0.26870721917354,0.10513066720504746,0.30437663629995587,0.33901733,0.2958604413007368
0,0.4305054379207439,0.3790767237314749,0.14187174068211914,0.30437663629995587,0.4301206,0.436533216474074
0,0.536213796928762,0.611922064638776,0.20153942734243196,0.3392389363693156,0.53260666,0.572992405714444
0,0.24620026986485072,0.21141117448988814,0.06563670090666288,0.26840886728619995,0.17320192,0.24975043172910952
0,0.43618455045049437,0.4135656410000327,0.13879040928430816,0.30437663629995587,0.40066013,0.436533216474074
0,0.29998351118496613,0.1185573252509065,0.06622610662033139,0.2699128005996935,0.16048019,0.25811096078320134
0,0.2193791959750503,0.07425336357930239,0.04587343747283529,0.23124830142776723,0.17121197,0.2552484486083404
0,0.3741043396637707,0.25207114601107616,0.10464985326293676,0.2908110213121297,0.32043028,0.39363178959544537
0,0.2541407783055221,0.13335506664048152,0.0742938829574943,0.25017871781593526,0.20843391,0.21905317144372835
0,0.22862348677648753,0.2200589196268818,0.09669538826325105,0.26087588312216314,0.24504025,0.26304264638670183
0,0.41662445260275743,0.45832160654842014,0.13657129670939303,0.34201016111076815,0.3551736,0.335693136494771
0,0.41372228085337215,0.4122236268900645,0.1338157424620562,0.30437663629995587,0.41418585,0.41125119472216914
0,0.23270060624758113,0.11145681977274031,0.06252996756346106,0.25017871781593526,0.18040743,0.1921593428269391
0,0.5612612449006201,0.6394229799467541,0.28047831681261115,0.35676263114588835,0.6042421,0.6036853203145675
0,0.47957485098908154,0.5446658535942753,0.13347127516092397,0.32097427332491196,0.43915918,0.444907242734851
0,0.3797047268221426,0.3279898963187014,0.1173654627723337,0.30437663629995587,0.37926745,0.37378420167302084
0,0.2741577660746859,0.17952903691047606,0.06255993986475437,0.2828924288633443,0.24832782,0.2237099946191408
0,0.46353428803685204,0.45761733020077483,0.1534761393738758,0.30437663629995587,0.45708495,0.47055965544298295
0,0.38265484643680253,0.3237085919616286,0.12080374760983999,0.30437663629995587,0.38919184,0.37378420167302084
0,0.6460432880731899,0.8100725126068452,0.4116591153335461,0.4728730255030016,0.73459685,0.6965113578349821
0,0.2712826622398799,0.16082909625978362,0.07602222081226359,0.2828924288633443,0.25380737,0.22167282243935
0,0.2968070312630287,0.22383837486982877,0.08575750159285472,0.2828924288633443,0.2914434,0.27964397479489667
0,0.26418813070841396,0.15158346387376478,0.06729412444180786,0.2828924288633443,0.21547635,0.20414379777920585
0,0.497372645184345,0.5065157982052289,0.23097423575238926,0.34191811854908205,0.54976124,0.5454154452539026
0,0.3375872411385069,0.26430437841119486,0.10940737867864521,0.29169538890669583,0.24894966,0.3520024677334294
0,0.2909005193814367,0.1458589781620329,0.07319689699474163,0.26494659182182073,0.25549293,0.2333556764073269
0,0.36039736047704873,0.21019016398854865,0.13170601099721566,0.2837623509558075,0.30560604,0.36096890762989386
0,0.33453143361765236,0.38733598467770264,0.12506536849448682,0.2813440436367968,0.3212365,0.3250638831707398
0,0.6954501202388198,0.8604544772020428,0.40843136449804784,0.4255281566377082,0.7893039,0.6844120934750051
0,0.27397795326309526,0.1737656290549021,0.0653090986265372,0.2699128005996935,0.18468378,0.2706464480169099
0,0.27397795326309526,0.16988299258920858,0.0653090986265372,0.2699128005996935,0.18468378,0.2706464480169099
0,0.2602550685484133,0.14421614240048608,0.0528533001269629,0.2828924288633443,0.21654317,0.18312536122491294
0,0.3527626458509437,0.23078476772759676,0.0844435214809183,0.30437663629995587,0.29106846,0.24853163866554923
0,0.2187429266107838,0.14992879476230378,0.04043579161388345,0.26840886728619995,0.10390344,0.19921374079889007
0,0.39477064131881634,0.35045712451212346,0.07864507432669662,0.32097427332491196,0.29621202,0.2519453851298679
0,0.4040592822787029,0.26071162125257075,0.10067569672344405,0.32097427332491196,0.35028803,0.3235612764292732
0,0.26687520240879936,0.17385895764797513,0.06255993986475437,0.2828924288633443,0.24832782,0.2237099946191408
0,0.4054373675823843,0.3636089693017469,0.11271330358104885,0.2908110213121297,0.36288154,0.38780903484572726
0,0.17509806870036487,0.07129199433947235,0.05529945078864543,0.23124830142776723,0.1575962,0.1858326783676777
0,0.5358507846254755,0.48220980349413395,0.22287629234744744,0.3392389363693156,0.5205704,0.5551291662515225
0,0.2727088145784563,0.1557766190471663,0.0740664060079715,0.2813440436367968,0.22332722,0.22495095215209499
0,0.31787733302436133,0.12986066812802896,0.1195477767106273,0.2699128005996935,0.30738932,0.33349286994619387
0,0.2348724865525221,0.14425095200396698,0.04586923459241294,0.25250042891762137,0.17156212,0.19131450434170785
0,0.1771162366671316,0.09662339715043469,0.05389455154888752,0.23124830142776723,0.17088047,0.17961486319614053
0,0.41177339247649447,0.3751589448961736,0.10762059393313936,0.32097427332491196,0.3695855,0.29604705704200346
0,0.28981751055750543,0.20608603589092242,0.08519195834930048,0.2828924288633443,0.28018156,0.2972588889341933
0,0.16758114942696253,0.05754209446785302,0.03917935769882529,0.23124830142776723,0.13112172,0.1583738042306276
0,0.3760303016497857,0.3785157758531903,0.1344866472408567,0.30528449903998095,0.3694869,0.34500334418555106
0,0.23448930775407156,0.17687532932893027,0.0719938505553424,0.25017871781593526,0.23729882,0.20506374852313117
0,0.5966044245831407,0.7175962900385773,0.27151068876567275,0.3869917889048607,0.62315875,0.585041475918159
0,0.28981751055750543,0.20608603589092242,0.08519195834930048,0.2828924288633443,0.28018156,0.2972588889341933
0,0.31034272504373894,0.2802354827319377,0.08734707582311892,0.2828924288633443,0.31920677,0.30270297175326905
0,0.38161162339572896,0.3375093916168337,0.12151421875272794,0.30437663629995587,0.37926745,0.37378420167302084
0,0.489587694198121,0.42011576009514406,0.19187078878472913,0.3392389363693156,0.44774863,0.48362809432020915
0,0.31300978627629183,0.2289035532064341,0.08413663826617222,0.2699128005996935,0.27596194,0.3037060809993422
0,0.4471806492747528,0.361728572995448,0.1603714670212322,0.3392389363693156,0.43219244,0.4501086167508541
0,0.19185934852657166,0.07161798458060584,0.04647119841318219,0.23124830142776723,0.15930876,0.18762908287079547
0,0.3723052900418126,0.4287877179963971,0.20625305338075653,0.2828924288633443,0.41858712,0.3597897658954154
0,0.3402586759583491,0.21945386167941064,0.07020013975115529,0.3248451422801518,0.21962066,0.24156230702806478
0,0.36243157546145244,0.15549393265497363,0.09429980951226295,0.2908110213121297,0.26890507,0.34243666933621747
0,0.312433515949041,0.3713780733848768,0.1503568908183301,0.31734067974874636,0.31590208,0.3837556134796465
0,0.20125523430394118,0.11796577220962645,0.06370641387425953,0.26087588312216314,0.18441582,0.2446558121738083
0,0.5191986270473935,0.6457393634821526,0.3013336523974292,0.37873918452463,0.64112604,0.604103296208265
0,0.6558393245224727,0.7264620222546787,0.2731559318597286,0.4255281566377082,0.6707564,0.6574649001079331
0,0.4136337468663146,0.4036259029419868,0.16848951047552654,0.31641329353581055,0.43728584,0.4700028818582441
0,0.27055617197675536,0.21977789318031626,0.1009464361167987,0.26087588312216314,0.26612693,0.2895732635516487
0,0.42691760937743767,0.38275354802063416,0.1379278940512904,0.30437663629995587,0.41986993,0.436533216474074
0,0.2950058302892392,0.2083386586531391,0.09177288550145046,0.25017871781593526,0.28225565,0.27099816933046494
0,0.4352479618589136,0.43559274332752707,0.1344431491069982,0.32097427332491196,0.45700774,0.41117300874633866
0,0.41772793819409687,0.406568753350088,0.1338157424620562,0.30437663629995587,0.4225267,0.41125119472216914
0,0.07061499465510168,0.01364698216091429,0.02986448130727993,0.1261878103232482,0.06928941,0.06945535396317915
0,0.16420678104540717,0.0750431535077259,0.032775482353512235,0.21991155077151797,0.097842224,0.15379840818567714
0,0.5741789339772563,0.6862891055460774,0.2518808553528156,0.3392389363693156,0.64017105,0.6295259467785358
0,0.27500478165885067,0.15598503730507843,0.0855519040889324,0.25017871781593526,0.22853063,0.23338866632690208
0,0.38856201216129294,0.3709770883345351,0.09373820853079182,0.30699538790254444,0.3016096,0.3438103520734798
0,0.33762004786193744,0.23554618000649807,0.1360319370522046,0.26494659182182073,0.34617168,0.25001981531659184
0,0.371394013316194,0.21839164363167105,0.1059065789154024,0.30437663629995587,0.306363,0.348098050639819
0,0.30248871538394473,0.26483831226456106,0.07651423511813335,0.26494659182182073,0.29544216,0.2284614703116589
0,0.058498828365178515,0.011214257397766568,0.01980722365289549,0.11920292202211757,0.03869373,0.06009396450624691
0,0.5804514179593291,0.7594740510795205,0.37076028386189847,0.40638065837321624,0.6366685,0.6712014692033543
0,0.4089576754599787,0.35196622141613776,0.10264387295160982,0.2908110213121297,0.31230655,0.3803877990411219
0,0.3498867434070602,0.23807405376907273,0.07086561554840029,0.2908110213121297,0.24510394,0.248862769811843
0,0.38726486759037515,0.3292158806545538,0.14575159778897048,0.29722235750252507,0.34476852,0.3564693807139378
0,0.4210048445192587,0.4255063496374537,0.1338157424620562,0.30437663629995587,0.41418585,0.41125119472216914
0,0.41792832719262163,0.3356344666593272,0.14745122512048472,0.29722235750252507,0.34824196,0.3883368536356632
0,0.5279213284852723,0.32360653182027416,0.13448978178465604,0.36095148398183596,0.39625588,0.4763999607922029
0,0.4553010370595581,0.5053959299319165,0.16514154840737508,0.32097427332491196,0.4917695,0.4359912372737814
0,0.23722952127720323,0.17858428317274802,0.0719938505553424,0.25017871781593526,0.23729882,0.20506374852313117
0,0.24713901945428604,0.06882299411788816,0.0643523675559019,0.16447983518485473,0.14069456,0.1923507402600976
0,0.5504488827863251,0.6129981361914342,0.27664681707456823,0.3655996288274654,0.5522213,0.5316279514277148
0,0.15766664600382288,0.08087423513133989,0.055723111017008546,0.26087588312216314,0.13903111,0.18696105186607473
0,0.3229944941037736,0.271107323085079,0.11531616028433184,0.2813440436367968,0.28200504,0.3086042103862428
0,0.41372228085337215,0.4131684056383262,0.1338157424620562,0.30437663629995587,0.41418585,0.41125119472216914
0,0.17883705309834952,0.10695031346538099,0.0445578851369004,0.23124830142776723,0.15717535,0.17461093205105246
0,0.3313776129961788,0.2396749107128548,0.08353636567760686,0.28384549074128235,0.26581684,0.29104362515225063
0,0.43618455045049437,0.39479427503405595,0.1426860081951659,0.30437663629995587,0.41986993,0.436533216474074
0,0.14326168707234266,0.03818987891931259,0.049947387531213916,0.15922881967740987,0.12818144,0.10128494879771739
0,0.6169409652888522,0.7502941394866869,0.359153533275117,0.3869917889048607,0.6509775,0.6079816298977752
0,0.630909131571005,0.7019211853630045,0.38809804935352976,0.42212841995626943,0.66088617,0.6453919372719414
0,0.7733282847932785,0.7693005038065963,0.6154262485180166,0.4445106289852314,0.7883713,0.8134841121996691
0,0.41772793819409687,0.406568753350088,0.1338157424620562,0.30437663629995587,0.4225267,0.41125119472216914
0,0.38265484643680253,0.32200425102986985,0.12080374760983999,0.30437663629995587,0.38919184,0.37378420167302084
0,0.16518214875259582,0.05566885229290546,0.037720986088053035,0.23124830142776723,0.13112172,0.1583738042306276
0,0.3764106315446766,0.2554569781298785,0.09929247121530584,0.30437663629995587,0.32966718,0.2948324683136744
0,0.8950843740462477,0.9922822127886566,0.8722768710038169,0.5985919487078101,0.94476986,0.8816150543707912
0,0.65197532018789,0.6540751418264852,0.3073938260313751,0.4255281566377082,0.6853324,0.6466494254824406
0,0.4610018118422763,0.45223061343838195,0.16927012596507512,0.3248451422801518,0.5667799,0.5007947224345771
0,0.3848377689565953,0.31668447366737573,0.09109894330585594,0.32097427332491196,0.3310706,0.26250638886901045
0,0.2577759811390251,0.1330500763082935,0.060674543568525516,0.2828924288633443,0.20732872,0.19631742523059745
0,0.4132260661961544,0.2916957224493818,0.12329570864765932,0.2908110213121297,0.38425818,0.4162517613632167
0,0.4322978422442537,0.44712521682798395,0.13067436124632406,0.32097427332491196,0.44661847,0.41117300874633866
0,0.4812747291038594,0.4234884687485784,0.17696417690250893,0.32097427332491196,0.46267557,0.4570250290334875
0,0.3527626458509437,0.22802848268444403,0.0844435214809183,0.30437663629995587,0.29106846,0.24853163866554923
0,0.32050862555295206,0.22988946609299674,0.09996681612427158,0.2813440436367968,0.251202,0.2816814733670891
0,0.29095057379834854,0.06881504564298836,0.10933172134713853,0.17421037935367242,0.1959973,0.1523306125081223
0,0.4134363863000808,0.39800910815237545,0.17313172181268088,0.31641329353581055,0.4476336,0.4700028818582441
0,0.5191191313904564,0.4763729646283239,0.2046210327587198,0.3392389363693156,0.46717492,0.5437146775027515
0,0.24073763569036616,0.2081801810662783,0.05324831794134735,0.26840886728619995,0.14183499,0.22510907454915596
0,0.34047641801504175,0.29889124523092314,0.11547613688592205,0.2813440436367968,0.2829433,0.3486181172450475
0,0.3928864614958698,0.4355590860374593,0.1373002343072951,0.29722235750252507,0.3816379,0.36047455555802316
0,0.3539386899704753,0.5307856217832373,0.1499428074676811,0.3257854638065408,0.31965017,0.4317693922113138
0,0.26638906033649734,0.18398352233670945,0.07957170725674352,0.2813440436367968,0.19321477,0.2616745998281942
0,0.30743511102919663,0.24984235479380457,0.10601228927237819,0.25017871781593526,0.31989965,0.30842538029461597
0,0.44930829281512774,0.4206423734817735,0.14739723056625054,0.34201016111076815,0.33320764,0.409081352026936
0,0.35698591075139874,0.19829462275590776,0.08640493514613595,0.32097427332491196,0.30000606,0.25461722761346095
0,0.2784714726499013,0.15453090651341414,0.0653090986265372,0.2699128005996935,0.20375791,0.2706464480169099
0,0.07572611054509343,0.014291151909979326,0.031028898583606464,0.1261878103232482,0.06928941,0.06945535396317915
0,0.38949523745857917,0.3618310043554936,0.15610758464584262,0.31641329353581055,0.41212168,0.45326862851339267
0,0.4107703435175937,0.3797447548471032,0.1514458036256388,0.34201016111076815,0.4686726,0.33263636975021676
0,0.11413857029939357,0.018219945145542107,0.03811704694284841,0.14489198970126202,0.08401063,0.0866919881282219
0,0.42691760937743767,0.39014722209458214,0.1379278940512904,0.30437663629995587,0.41986993,0.436533216474074
0,0.5683720999701798,0.7805573359470166,0.34329923077666097,0.37873918452463,0.679241,0.6545114665673698
0,0.49411460635404325,0.3833376793336911,0.16866331068330842,0.35676263114588835,0.43273503,0.4069601773292548
0,0.4012713480740049,0.5427321677456785,0.19863573650233296,0.3401999287422745,0.44074005,0.40906545918825
0,0.09558774891054865,0.010921874177849308,0.018485379308149544,0.13051835488579278,0.04280738,0.0658850444076713
0,0.40497595269462944,0.3274919936283789,0.09917537337834141,0.2908110213121297,0.27806705,0.36371090202921563
0,0.8679390469992974,0.9759650411221918,0.8536193706770815,0.5310102925699823,0.9299378,0.8894024601890846
0,0.20364118694053515,0.059483762431487286,0.060429837852399665,0.17235496547302084,0.12259424,0.1365243416597204
0,0.274184307493263,0.18290271984722495,0.06768216917176278,0.2699128005996935,0.2057514,0.28496724653215133
0,0.3498867434070602,0.21751510853207998,0.07086561554840029,0.2908110213121297,0.22224654,0.23575813444099653
0,0.20272204438767868,0.05682672114478516,0.05450512477291726,0.16447983518485473,0.13754454,0.13297918647869258
0,0.17461868756573,0.06332804733752578,0.047151340614595756,0.21991155077151797,0.11452327,0.16586801699834103
0,0.10338896547275303,0.014409505766021883,0.028703588747700196,0.1380623587700193,0.06303969,0.0820266862614864
0,0.48378563811677766,0.452951511013065,0.16635579955133806,0.3392389363693156,0.48891762,0.44882438818913845
0,0.3980136405282942,0.396122773879461,0.16000379030779074,0.29722235750252507,0.4008963,0.4019686218365114
0,0.3797047268221426,0.3262738890567946,0.12080374760983999,0.30437663629995587,0.38919184,0.37378420167302084
0,0.08343456978303936,0.014643110131905085,0.02660254906903207,0.13703413142879445,0.048776906,0.07275984551446457
0,0.2532077464225768,0.10255693494185834,0.07128332333491184,0.23820147971668393,0.19075349,0.18775618446005318
0,0.2964198384851818,0.15098881934240566,0.07541612315127658,0.26494659182182073,0.24363142,0.23048610496445052
0,0.40866513598057597,0.5184314485735697,0.20421841574421853,0.29722235750252507,0.46281454,0.40534190562570044
0,0.3104570617603609,0.30437075670569513,0.11041134230327354,0.2813440436367968,0.28869888,0.28550351708863864
0,0.4553657532894104,0.44699589816392155,0.17134108400183104,0.30437663629995587,0.46547708,0.47055965544298295
0,0.07596453872805001,0.01407316639652124,0.02986448130727993,0.1261878103232482,0.06928941,0.06945535396317915
0,0.25555867428162116,0.29086278414521594,0.06329217704869064,0.26840886728619995,0.18446507,0.24388522471330099
0,0.2379877922553736,0.17461673292595034,0.0719938505553424,0.25017871781593526,0.23729882,0.20506374852313117
0,0.362698529696044,0.3085421819170557,0.0898344903774394,0.2908110213121297,0.311842,0.33385873409384714
0,0.42691760937743767,0.38922017010038407,0.1379278940512904,0.30437663629995587,0.41986993,0.436533216474074
0,0.2602550685484133,0.1451809685292864,0.0528533001269629,0.2828924288633443,0.20440516,0.18312536122491294
0,0.5615043869331025,0.7367067646206461,0.2954199505995652,0.35676263114588835,0.6679548,0.6176013556534712
0,0.2532077464225768,0.10327668961178485,0.07128332333491184,0.23820147971668393,0.19075349,0.18775618446005318
0,0.5301370103467515,0.5493751712144725,0.2075051054233989,0.3655996288274654,0.5047911,0.4828615380882169
0,0.726335377491886,0.9080730259497362,0.5118840333522131,0.5117368743966855,0.85275006,0.7793118850323555
0,0.549106047349815,0.6939327937555154,0.34176440257932217,0.403407630237987,0.65423816,0.5956955339982049
0,0.49411460635404325,0.3842595350491429,0.16866331068330842,0.35676263114588835,0.43273503,0.4069601773292548
0,0.2032453914812548,0.03928095906927413,0.048073867850142706,0.1380623587700193,0.11628311,0.09474212407868177
0,0.07893483451040822,0.008240019908092694,0.02297329960450748,0.1261878103232482,0.051694132,0.06892899265959308
0,0.7390475057918993,0.9119038546184521,0.47533230266774423,0.5117368743966855,0.8287399,0.7731593991745298
0,0.5808243059240371,0.6813455984660913,0.3302642323973587,0.35676263114588835,0.6543088,0.6277357206923441
0,0.3711932359459024,0.17435566912684133,0.09449411731700628,0.30437663629995587,0.29429835,0.2998502224024477
0,0.2818268636536186,0.14029409521687616,0.06342610662917668,0.3025445411255307,0.19717467,0.22869558052581396
0,0.35267748946958866,0.3055953386952896,0.09963200313551371,0.3025445411255307,0.27559602,0.37993911739597697
0,0.5566173848052354,0.6245446711555777,0.2549859476829354,0.35676263114588835,0.5730954,0.5032333896755696
0,0.362698529696044,0.3093744073091119,0.0898344903774394,0.2908110213121297,0.311842,0.34087159950403184
0,0.1058171284356669,0.02340866072976025,0.029584806191533752,0.13051835488579278,0.0647274,0.08109868056602709
0,0.5616539321579811,0.6196101825899349,0.32564000822016914,0.403407630237987,0.64545316,0.5411286512274203
0,0.3527626458509437,0.22940371796661582,0.0844435214809183,0.30437663629995587,0.29106846,0.24853163866554923
0,0.4900520446454766,0.4339604799162671,0.19110332210757155,0.3506809597664785,0.4227801,0.5118459462431825
0,0.10340178044518938,0.021444375749749094,0.024193244447905892,0.13051835488579278,0.04668301,0.06899959184674427
0,0.2671262221571288,0.20207575145501705,0.06515361250526676,0.28384549074128235,0.22928953,0.22467671153579186
0,0.17260580337099657,0.09527096171030887,0.05191803423379101,0.23124830142776723,0.17088047,0.17961486319614053
0,0.4221353980251774,0.40562863449398207,0.1338157424620562,0.30437663629995587,0.4225267,0.41125119472216914
0,0.5522520931500849,0.757729441220377,0.42591355424559946,0.4007786094232653,0.6589094,0.6923760828078942
0,0.5009549186907172,0.5683670169539208,0.22969321536987397,0.4004149111630674,0.6073626,0.548184291319112
0,0.5602822041423545,0.6551746162660002,0.3001403449784177,0.3655996288274654,0.63327193,0.6129031855032483
0,0.35530332263887404,0.23240322583743458,0.0811529784827615,0.3248451422801518,0.28603625,0.26729041327548897
0,0.07209738290336297,0.01513863093821456,0.031028898583606464,0.1261878103232482,0.080851145,0.070821392316094
0,0.41372228085337215,0.4150598758943435,0.1338157424620562,0.30437663629995587,0.41418585,0.41125119472216914
0,0.3015103981353138,0.17200672959533098,0.08831474592262818,0.25017871781593526,0.23564628,0.2722906917818681
0,0.06759530433830246,0.01263642211108326,0.028250929593317008,0.11920292202211757,0.055309158,0.067654879760371
0,0.5826074094810414,0.709165156050647,0.35516925617477874,0.3655996288274654,0.6856538,0.6596045117558693
0,0.4216431922715838,0.4206229963152138,0.1740890066807729,0.31641329353581055,0.4455318,0.4700028818582441
0,0.20386708554883234,0.044842812246101836,0.05052305628571214,0.16447983518485473,0.113066964,0.12496157546514057
0,0.47066614613876284,0.5345890257551182,0.20470580396611057,0.35676263114588835,0.51622635,0.3957564324635856
0,0.3446138362896849,0.22620378241027098,0.07020013975115529,0.3248451422801518,0.21962066,0.24156230702806478
0,0.49296055758443885,0.5567978541505358,0.19112742841634353,0.32097427332491196,0.5158171,0.4720899387852231
0,0.3899331916296569,0.34981746720352236,0.12151421875272794,0.30437663629995587,0.38777405,0.37378420167302084
0,0.41772793819409687,0.41033601475793025,0.1338157424620562,0.30437663629995587,0.41418585,0.41125119472216914
0,0.2968070312630287,0.22861454249082547,0.07722564463822,0.2828924288633443,0.27658916,0.27964397479489667
0,0.5427847843632255,0.5982649609004844,0.2368536418244368,0.403407630237987,0.5534284,0.4716867273279096
0,0.3527626458509437,0.2485358585682582,0.07020728897032377,0.30437663629995587,0.25879222,0.2383511532924131
0,0.3797047268221426,0.33663837368902155,0.1173654627723337,0.30437663629995587,0.37926745,0.37378420167302084
0,0.27397795326309526,0.16553054522306498,0.0653090986265372,0.2699128005996935,0.18468378,0.2706464480169099
0,0.2907245773360252,0.14065388435272186,0.06704824363241906,0.25017871781593526,0.21855287,0.2496818362832429
0,0.12354321684686104,0.020146917642322182,0.0344690879144518,0.15922881967740987,0.08550065,0.08390039177104403
0,0.19837501192990561,0.07893321169705393,0.030516434009948006,0.23820147971668393,0.09638327,0.14535332792536554
0,0.24280905077150802,0.18697922419086344,0.07281456330603789,0.25017871781593526,0.21285143,0.24808310381727502
0,0.30918529622921814,0.25499109639436485,0.10125961862405043,0.25017871781593526,0.31077302,0.3020727871199499
0,0.3899331916296569,0.35248183093679725,0.12151421875272794,0.30437663629995587,0.38777405,0.37378420167302084
0,0.7805002852261421,0.9287801540685373,0.5991102543292894,0.5117368743966855,0.8696283,0.78987732254112
0,0.39704286988016746,0.40348887651859255,0.10473333036363018,0.32097427332491196,0.36561584,0.3089678257475588
0,0.12938709616936217,0.023736022493428852,0.03944433054527598,0.15922881967740987,0.089400634,0.08087260972685843
0,0.2936628516749468,0.19240837962803561,0.08196414865209226,0.2828924288633443,0.2959587,0.2972588889341933
0,0.30743511102919663,0.24984235479380457,0.10601228927237819,0.25017871781593526,0.31989965,0.30842538029461597
0,0.6765290444350311,0.8991404854681881,0.4030348169541189,0.49551267915939123,0.7646858,0.6888648768258189
0,0.270664486727176,0.16522819918146564,0.06463767644362081,0.2813440436367968,0.19824477,0.22495095215209499
0,0.1739647199217813,0.08719626777266035,0.04988218609222451,0.23124830142776723,0.16387318,0.17961486319614053
0,0.2602550685484133,0.14135362706876742,0.060674543568525516,0.2828924288633443,0.23004335,0.19964325807902972
0,0.4657475777918508,0.45527672128137286,0.21154090043645846,0.30437663629995587,0.4797947,0.44951697245390493
0,0.28640745503826653,0.17691832602598478,0.07590869619430048,0.3025445411255307,0.26060766,0.2887204587623905
0,0.4421339212094337,0.4863192999486318,0.14215464595589264,0.32097427332491196,0.4791164,0.4317687868278664
0,0.371394013316194,0.22241013815639585,0.1059065789154024,0.30437663629995587,0.306363,0.348098050639819
0,0.3624921754658763,0.2857559924220842,0.08382842260882675,0.2908110213121297,0.23503911,0.31817424670323396
0,0.39929720437760996,0.43665443452540853,0.22287958878842878,0.2837623509558075,0.50418437,0.4874493126600292
0,0.39864389204092904,0.3610632886466696,0.12745350786445164,0.3392389363693156,0.43561363,0.3249880457367718
0,0.314342553087967,0.27670534380955203,0.0860877646149453,0.26494659182182073,0.31854278,0.26752467222312293
0,0.3899331916296569,0.34981746720352236,0.12151421875272794,0.30437663629995587,0.38777405,0.37378420167302084
0,0.3498867434070602,0.21030568233760943,0.07086561554840029,0.2908110213121297,0.23316777,0.23575813444099653
0,0.37372743441483025,0.2074451046125727,0.1541980061168189,0.21880891454127996,0.29624593,0.2870389800890369
0,0.538283238822487,0.5662724351187999,0.2522905958838684,0.3392389363693156,0.5946852,0.581693031568064
0,0.6173750909045719,0.7445092842400979,0.32923809431670215,0.35676263114588835,0.6664745,0.6484411116473991
0,0.2426535492967698,0.08460553093087532,0.054263083458830005,0.2828924288633443,0.19544838,0.20270905014600624
0,0.2504763602317875,0.07495193688197756,0.07767102215605695,0.17359490736771332,0.1805387,0.15634403981409034
0,0.2885762807121483,0.22402216877432085,0.1001686954597002,0.2813440436367968,0.23816428,0.2915382767458172
0,0.2968070312630287,0.22383837486982877,0.08575750159285472,0.2828924288633443,0.2914434,0.27964397479489667
0,0.3125975918803834,0.12299680200316573,0.055121612525326366,0.2908110213121297,0.16750416,0.22060420523354815
0,0.48356736209420575,0.6046102975021299,0.16450243575800624,0.32097427332491196,0.5055859,0.4682110430461937
0,0.20925027797194504,0.07364949069616299,0.08985368627774537,0.18829495306069238,0.14076152,0.19844032043281543
0,0.36078030070629075,0.3073580168169296,0.09870047315014313,0.2988217935137728,0.33956224,0.32748203628115674
0,0.24054813741341363,0.23412168246349843,0.05317024604223752,0.26840886728619995,0.15478957,0.22668493351270072
0,0.5605001798745174,0.5667134622304387,0.24604529990143773,0.35676263114588835,0.5612973,0.5623139111359676
0,0.4177886437159239,0.32753867027921596,0.12958869046158084,0.34201016111076815,0.35747296,0.37373486407113127
0,0.5410508088823238,0.6059422406337168,0.24679373258982024,0.3684661111921704,0.5588652,0.5661329485071983
0,0.0661813250356177,0.009069930621358765,0.023425012301879967,0.11920292202211757,0.059809107,0.07160372879923485
0,0.3797047268221426,0.3305725373937522,0.1173654627723337,0.30437663629995587,0.37926745,0.37378420167302084
0,0.3498867434070602,0.23807405376907273,0.07086561554840029,0.2908110213121297,0.24510394,0.248862769811843
0,0.17431315746090292,0.10911128102119501,0.03811906779291961,0.24855628373975192,0.09458236,0.17722027106327154
0,0.5220091592733873,0.5733622708928195,0.22862522379776873,0.3392389363693156,0.5736482,0.5864605072801824
0,0.4480157187696331,0.3780798552981851,0.15600684586506136,0.3392389363693156,0.42945632,0.4501086167508541
0,0.05761616940341658,0.005273577778135497,0.022144024939575235,0.11920292202211757,0.04408354,0.07160372879923485
0,0.26477079679395027,0.2032421898045455,0.08485358588197645,0.25017871781593526,0.25926706,0.22215561270990716
0,0.2515107189713636,0.13936485795414258,0.05723459907698224,0.23820147971668393,0.21510094,0.20529268659445243
0,0.4708896998386933,0.39857650365795566,0.18254629887191828,0.35676263114588835,0.46288192,0.3903778872353615
0,0.3847870833959176,0.3031018651919733,0.12217864409211761,0.29722235750252507,0.3107462,0.345933246855836
0,0.7864695259383478,0.8609844841016376,0.6866100676125838,0.4445106289852314,0.8349417,0.8266498518598585
0,0.384478260099981,0.12096595709955804,0.14784246267983864,0.210276215432727,0.31976232,0.21674664716215097
0,0.4939873476813037,0.588664439359656,0.16450243575800624,0.32097427332491196,0.5055859,0.4682110430461937
0,0.46239603721274053,0.43891082276236415,0.17052361607899627,0.3392389363693156,0.4748237,0.4130166197651239
0,0.32123674209707853,0.22764468022912998,0.10007818809863912,0.2828924288633443,0.28739393,0.26527364948037374
0,0.49931765727352295,0.48664949841811594,0.19120569732914242,0.40307152704755034,0.40930277,0.6215910054721104
0,0.1505574166105666,0.02296565222724046,0.053550068513913654,0.18181149189496298,0.1264106,0.11908243382425245
0,0.6682252164848809,0.8284491148743074,0.48623196630902127,0.42212841995626943,0.76463795,0.7264145923580833
0,0.34154189685992037,0.24230733849998293,0.11867701118132072,0.25017871781593526,0.31142992,0.272073858784027
0,0.42858428316351593,0.3442998830714542,0.1126294005462068,0.3248451422801518,0.3185696,0.4036722283006248
0,0.15991405467489272,0.03555236615990381,0.05039377983643976,0.1380623587700193,0.11657901,0.12232485310585701
0,0.5278659442664242,0.49110441729927523,0.2325021041344472,0.35676263114588835,0.52725816,0.5478588481885566
0,0.07061499465510168,0.013284528824300658,0.030828912246788118,0.1261878103232482,0.06549697,0.06945535396317915
0,0.2848581897461657,0.10092550370836477,0.08454551352786124,0.23820147971668393,0.23651639,0.23469836889498286
0,0.4584576056869541,0.7305752920064635,0.16869171340841896,0.38595242845173716,0.39442372,0.4429181244182182
0,0.46914510454258107,0.6889081582420841,0.3604494118404057,0.3401999287422745,0.61433727,0.5401967592713243
0,0.059070123473170005,0.006532862458486129,0.015182175980799507,0.11920292202211757,0.03151399,0.0596340011910903
0,0.09062693094443121,0.01213988795932354,0.027823002550264583,0.1261878103232482,0.057258327,0.09089640314282965
0,0.313056249025316,0.24394478252528812,0.06588478943820882,0.2891297773328736,0.20175447,0.22178781369625875
0,0.07428440518484049,0.009506251178294588,0.01888648219275949,0.1261878103232482,0.047006182,0.07028546054349426
0,0.16039179158992758,0.04369178892639155,0.06407783075043072,0.15922881967740987,0.15321344,0.10552965501548808
0,0.3966652391886807,0.2322826734012385,0.08931275564383767,0.2908110213121297,0.20659402,0.33567459570738806
0,0.6232851383425303,0.6885913082933475,0.3208574128312315,0.4255281566377082,0.68041056,0.6035982325313305
0,0.3624921754658763,0.26857952801239643,0.08382842260882675,0.2908110213121297,0.24638984,0.31817424670323396
0,0.731082945283568,0.9140118490974695,0.7408944326125868,0.43970310804611623,0.8111748,0.8117976021671034
0,0.4425263070517678,0.488831680174519,0.11348577790843463,0.32097427332491196,0.40699598,0.397857558719071
0,0.11255628482660977,0.010911756076639483,0.031839750263866935,0.1261878103232482,0.073193036,0.08242381585763939
0,0.13033670160385993,0.012279980880274226,0.027059660136063257,0.13051835488579278,0.08361288,0.09427289764762456
0,0.7038322974948474,0.8271701211323748,0.3926657138340663,0.4255281566377082,0.77146786,0.7104972744806667
0,0.3624921754658763,0.29377767789952464,0.08382842260882675,0.2908110213121297,0.23503911,0.31817424670323396
0,0.10897340425801223,0.010023229825956966,0.0270332252708452,0.13051835488579278,0.053124174,0.07344241447572951
0,0.3624921754658763,0.2897504003726161,0.08382842260882675,0.2908110213121297,0.23503911,0.31817424670323396
0,0.4624028534288145,0.35862752773208295,0.15207635534291555,0.32097427332491196,0.4374501,0.43680946039841534
0,0.2909523545243096,0.23491068557021577,0.07833872026619756,0.26494659182182073,0.273473,0.23633337505965626
0,0.27397795326309526,0.18000796650445772,0.0653090986265372,0.2699128005996935,0.18468378,0.2706464480169099
0,0.22775932744785943,0.16527112852651796,0.06940225472030907,0.25017871781593526,0.22490498,0.2123513477039542
0,0.4235671332696231,0.43983335637601173,0.11068022709028608,0.30699538790254444,0.33720955,0.374930937637126
0,0.16420678104540717,0.07367488261020286,0.032775482353512235,0.21991155077151797,0.097842224,0.15379840818567714
0,0.1710660195581637,0.08401929295081678,0.06179844643568371,0.23124830142776723,0.17838706,0.18164043368166224
0,0.48484066401605674,0.5978880359737982,0.19173374847713143,0.34201016111076815,0.45775783,0.5074349641223176
0,0.38856201216129294,0.38564396090051023,0.09373820853079182,0.30699538790254444,0.2886895,0.3438103520734798
0,0.6668882833517408,0.7584788534942135,0.33335620456549664,0.4255281566377082,0.7218912,0.6419620247480967
0,0.36106501740678304,0.3295561604276046,0.14377978637910602,0.30265043513501017,0.38037834,0.43369890676303663
0,0.058498828365178515,0.010066402114952449,0.019724034320869645,0.11920292202211757,0.041071467,0.06009396450624691
0,0.43117006916930944,0.47702784618678024,0.13489613958387486,0.3248451422801518,0.3857662,0.4554960464055061
0,0.07209738290336297,0.016408777597116814,0.025546506699806876,0.1261878103232482,0.063112,0.070821392316094
0,0.23576644717711975,0.1334668368797366,0.05473676773737874,0.24526424044859782,0.22211565,0.1979568306153096
0,0.3624921754658763,0.29377767789952464,0.08382842260882675,0.2908110213121297,0.23503911,0.31817424670323396
0,0.22185224696050593,0.0613765662851257,0.07032971490879811,0.17359490736771332,0.18316883,0.150399100893703
0,0.06205921751680969,0.009390724485474301,0.023425012301879967,0.11920292202211757,0.053319864,0.07085056484010595
0,0.22996039272444946,0.10765457669226172,0.06252996756346106,0.25017871781593526,0.18361185,0.1921593428269391
0,0.2968070312630287,0.23068329757223255,0.07348033124927847,0.2828924288633443,0.2672618,0.26864465270116583
0,0.2968804890590938,0.21204076347129994,0.0707605510343743,0.26494659182182073,0.26301053,0.23469099158197895
0,0.16420678104540717,0.08031961283571408,0.032775482353512235,0.21991155077151797,0.097842224,0.15379840818567714
0,0.355444307497508,0.2822482677329165,0.09489327087846147,0.2988217935137728,0.36852452,0.32748203628115674
0,0.4425263070517678,0.47909712002287325,0.11900826632323001,0.32097427332491196,0.41841525,0.41117300874633866
0,0.40221885083633496,0.4814714857301451,0.2161409816634386,0.2988217935137728,0.4771742,0.35056980410552463
0,0.40287925105738936,0.33018832909568724,0.14331560320056433,0.30699538790254444,0.42479196,0.39526223896401813
0,0.32604547335855094,0.26596465380367174,0.07584122991835911,0.2854021755064374,0.2549446,0.30571115476167676
0,0.3624921754658763,0.2602404944943332,0.08382842260882675,0.2908110213121297,0.25767025,0.31817424670323396
0,0.2876920408439807,0.1718675680138383,0.08454325540800008,0.3025445411255307,0.31380096,0.2910641334697306
0,0.41532750469358093,0.29341749015196683,0.14331560320056433,0.30699538790254444,0.42479196,0.4369186288493911
0,0.07208311139034512,0.008625642288956124,0.02801271540209529,0.11920292202211757,0.06708514,0.07160372879923485
0,0.058498828365178515,0.00979810156064076,0.019724034320869645,0.11920292202211757,0.043494362,0.06009396450624691
0,0.4425263070517678,0.4781244143983738,0.11900826632323001,0.32097427332491196,0.4362926,0.41117300874633866
0,0.27397795326309526,0.1765816151743332,0.0653090986265372,0.2699128005996935,0.18468378,0.2706464480169099
0,0.4480157187696331,0.3780798552981851,0.15600684586506136,0.3392389363693156,0.42945632,0.4501086167508541
0,0.1287375197281819,0.03919674460744518,0.03102728251344173,0.1497544206633799,0.06364337,0.07904379167708243
0,0.22936126900012124,0.06626510211905703,0.07076723164667484,0.17359490736771332,0.17925416,0.150399100893703
0,0.3899331916296569,0.3427585248756063,0.12151421875272794,0.30437663629995587,0.37926745,0.37378420167302084
0,0.4221353980251774,0.4018751366403739,0.1338157424620562,0.30437663629995587,0.4139382,0.41125119472216914
0,0.21532320862702142,0.1507587490177788,0.04946824868494898,0.23820147971668393,0.16289629,0.19716654613689966
0,0.3899331916296569,0.35694283267258003,0.11811701140987062,0.30437663629995587,0.36945906,0.37378420167302084
0,0.5838241455904238,0.5936231643538061,0.40167236256354455,0.3684661111921704,0.6951205,0.6898881813416673
0,0.21511685439685377,0.1318636087355041,0.040604730455787504,0.23820147971668393,0.116563305,0.17097321131273627
0,0.41772793819409687,0.4093931943597206,0.1338157424620562,0.30437663629995587,0.41418585,0.41125119472216914
0,0.6307639097726284,0.7849895393120792,0.4515453637195685,0.38369429820894396,0.7485987,0.6962838417588287
0,0.060914176355656026,0.012491349137322458,0.026460190323693532,0.11920292202211757,0.052291624,0.067654879760371
0,0.36605256461750757,0.25650598023088916,0.08382842260882675,0.2908110213121297,0.25767025,0.31817424670323396
0,0.058498828365178515,0.01014438640526729,0.019724034320869645,0.11920292202211757,0.041071467,0.06009396450624691
0,0.485876942347188,0.5438779778096786,0.30966946046838173,0.3823781326328248,0.52460974,0.5450935146229935
0,0.3797047268221426,0.3262738890567946,0.12080374760983999,0.30437663629995587,0.38919184,0.37378420167302084
0,0.36691248090884243,0.3143936246990001,0.10859938603698195,0.30437663629995587,0.3702254,0.3487208031244858
0,0.3439607503656724,0.23047660775563897,0.08385905162964402,0.30699538790254444,0.32261783,0.2555968012685742
0,0.5144093871541995,0.6126961613197478,0.24405031632982246,0.3506809597664785,0.49573913,0.5691968832015131
0,0.3624921754658763,0.29377767789952464,0.08382842260882675,0.2908110213121297,0.23503911,0.31817424670323396
0,0.13204809720389885,0.022748015417923633,0.05018848982272872,0.15073049336850353,0.118778326,0.12512556209202655
0,0.3797047268221426,0.33403198928335626,0.1173654627723337,0.30437663629995587,0.37926745,0.37378420167302084
0,0.37804530601922565,0.31945660605176135,0.12080374760983999,0.30437663629995587,0.38189787,0.37378420167302084
0,0.5421151421897572,0.5609262241505543,0.2588100520910537,0.3655996288274654,0.53564215,0.5220890640016985
0,0.4322978422442537,0.4442362613362962,0.13067436124632406,0.32097427332491196,0.44661847,0.41117300874633866
0,0.5347596402787402,0.5819209590999013,0.23565684334091494,0.3392389363693156,0.58180696,0.5864605072801824
0,0.4176322617433098,0.3805272058097132,0.15408031365015382,0.30437663629995587,0.43287405,0.41125119472216914
0,0.4907488112904926,0.5434369867093288,0.27638829773907614,0.34191811854908205,0.57134014,0.50891274303861
0,0.12399418866546165,0.0268896372527296,0.03988622003963368,0.15073049336850353,0.07680239,0.10004057363719451
0,0.23722952127720323,0.186139098926079,0.062811061846975,0.25017871781593526,0.20488033,0.20506374852313117
0,0.5705972386421415,0.7479801999962779,0.3262828001791655,0.3655996288274654,0.67309684,0.5961601068738716
0,0.362698529696044,0.30688145838384634,0.0898344903774394,0.2908110213121297,0.311842,0.33385873409384714
0,0.18651013755755055,0.04405506499069429,0.07807696244837237,0.1512797402248249,0.12962504,0.1459606427077877
0,0.5351088183587147,0.5280683096258634,0.23886972757614622,0.3655996288274654,0.54392344,0.5375874292280115
0,0.4494028017781584,0.3776343212491204,0.16885912092403532,0.27223792056750695,0.27567497,0.3363320642001616
0,0.4055594471392109,0.40495902123182587,0.18709539295024447,0.26463634526612717,0.3929295,0.45875666389758973
0,0.5450494666812093,0.5257159323598536,0.2169909087339076,0.3869917889048607,0.5298755,0.5023184901324474
0,0.6194930671721743,0.607020247353558,0.3986545575941569,0.4054685277448023,0.6257441,0.6200416486350416
0,0.39928115643790235,0.41274738894174445,0.09703703564720273,0.30699538790254444,0.3236506,0.3600911626662658
0,0.6652925123983517,0.7962482824057101,0.38634770621564457,0.4255281566377082,0.7544541,0.6481035180460575
0,0.4844728727818143,0.5747115128533076,0.16148124855391763,0.37171166258495836,0.4331718,0.35232306068704733
0,0.40810563829818014,0.31657127959361875,0.12116615094555698,0.30437663629995587,0.36915264,0.34241902332369994
0,0.597050964855052,0.610496260037284,0.3039972022425922,0.35676263114588835,0.60693157,0.6127620095743197
0,0.07061499465510168,0.013699551147223646,0.02986448130727993,0.1261878103232482,0.06928941,0.06945535396317915
0,0.4089576754599787,0.3510776658450456,0.10264387295160982,0.2908110213121297,0.2955099,0.3803877990411219
0,0.5278659442664242,0.49013027151498106,0.2325021041344472,0.35676263114588835,0.52725816,0.5478588481885566
0,0.1723014247099151,0.09474151547101098,0.03717659529787754,0.21991155077151797,0.1176868,0.1527680777777485
0,0.4400524686414505,0.5226567302944582,0.17736084072375088,0.3627168641514421,0.4986938,0.4801799358739443
0,0.10340178044518938,0.0190500466847183,0.02409208682159316,0.13051835488579278,0.049526393,0.06899959184674427
0,0.7371201115408346,0.9227981355992947,0.6313088481663723,0.4731933965384151,0.80953336,0.7702038882301361
0,0.43618455045049437,0.41545764232589066,0.13879040928430816,0.30437663629995587,0.40066013,0.436533216474074
0,0.5132202428127063,0.47674292420371084,0.19575711894581505,0.36095148398183596,0.4636991,0.5164189675707769
0,0.5465769830246162,0.6468316287178604,0.2536558625124239,0.3869917889048607,0.57307696,0.44884211441530303
0,0.36986459641534436,0.16718086532678633,0.09737711360413365,0.30437663629995587,0.29429835,0.2998502224024477
0,0.5655226420485743,0.5850062489554008,0.36238147137642884,0.3506809597664785,0.64693713,0.5872510620557087
0,0.4785809337169067,0.5702197241417455,0.19650218914683878,0.32097427332491196,0.5267077,0.4639600083256787
0,0.3744683563474902,0.266415555249134,0.10829936968493856,0.30437663629995587,0.33901733,0.2958604413007368
0,0.6480043757563015,0.7170692502990802,0.31461980939957196,0.4255281566377082,0.70850194,0.6574649001079331
0,0.4844728727818143,0.587047680547029,0.16148124855391763,0.37171166258495836,0.41854012,0.35232306068704733
0,0.42562152035881423,0.4970010765908531,0.1607192740448927,0.29722235750252507,0.40694845,0.3990024795988575
0,0.3624921754658763,0.26552767189368554,0.08382842260882675,0.2908110213121297,0.24638984,0.31817424670323396
0,0.5788918970048154,0.7180340671158398,0.34763009301178693,0.3899229071354913,0.5421587,0.557657795278885
0,0.4657475777918508,0.45141272334083843,0.1838028657216731,0.30437663629995587,0.46747673,0.44951697245390493
0,0.3797047268221426,0.3323000019499689,0.1173654627723337,0.30437663629995587,0.37926745,0.37378420167302084
0,0.4032105829472464,0.25170381355332516,0.11295296924451838,0.3392389363693156,0.36261916,0.3316117519091377
0,0.40497595269462944,0.31055850244962435,0.09917537337834141,0.2908110213121297,0.29070607,0.36371090202921563
0,0.7478799367298149,0.8947663283962689,0.5170503879390033,0.4938205902488647,0.8041253,0.7438600437216445
0,0.6731524006276562,0.8086814381173145,0.49767144491821175,0.4054685277448023,0.7336628,0.7035901408731934
0,0.3624921754658763,0.26705082880283176,0.08382842260882675,0.2908110213121297,0.24638984,0.31817424670323396
0,0.4469604207616174,0.5861213868866227,0.1720154145538143,0.3627168641514421,0.4957825,0.40821071505097173
0,0.4425263070517678,0.4878577207586093,0.11348577790843463,0.32097427332491196,0.40699598,0.397857558719071
0,0.5455658024883735,0.6068930432615286,0.22250697164830693,0.3392389363693156,0.56746507,0.581693031568064
0,0.7365803717638745,0.9131484093027692,0.4619449084508754,0.5117368743966855,0.8219489,0.7731593991745298
0,0.22163542397981734,0.17892398297802087,0.06117403613090434,0.26840886728619995,0.17889582,0.2136624081325397
0,0.3624921754658763,0.26934595087192925,0.08382842260882675,0.2908110213121297,0.24638984,0.31817424670323396
0,0.3357106368641475,0.2518663083190316,0.06686529408703472,0.30699538790254444,0.22624111,0.21583659868120156
0,0.40414506423390884,0.25210620409254636,0.10679857306845353,0.32097427332491196,0.3396461,0.3049459288953171
0,0.4590621119759193,0.5297232831822287,0.1436692836914691,0.32097427332491196,0.4726578,0.4254148953908766
0,0.3624921754658763,0.2849610861735649,0.08382842260882675,0.2908110213121297,0.23503911,0.31817424670323396
0,0.5054759569913246,0.47054257258218046,0.15455788870893958,0.3392389363693156,0.4250073,0.49632602723289543
0,0.4691663304461632,0.5417706831546939,0.17617701171370762,0.34201016111076815,0.44716692,0.4765787414682698
0,0.33237131833595895,0.3102849627807893,0.09233343216079924,0.26494659182182073,0.33745605,0.24441860737654805
0,0.6033281008309855,0.6767706613012315,0.2813166647338499,0.4255281566377082,0.66176796,0.5584901650154096
0,0.44930829281512774,0.4111734494058955,0.14739723056625054,0.34201016111076815,0.34714773,0.409081352026936
0,0.5504993597754695,0.6194243349731442,0.27913373413888837,0.35676263114588835,0.6142281,0.6036853203145675
1,0.8127773918387655,0.8639528634326604,0.7009940246358882,0.4445106289852314,0.84551966,0.8438415505614131
1,0.5716619130457936,0.5449879217234606,0.2735971313861664,0.35676263114588835,0.56774646,0.5931834342114336
1,0.39186346285323864,0.23587063062244998,0.11252823706828045,0.30699538790254444,0.33361533,0.406312294205158
1,0.628805345022861,0.7812958678347636,0.3602373836117601,0.38369429820894396,0.733292,0.6815266018236377
1,0.6487015915316218,0.5271354117893442,0.43288287309691503,0.4054685277448023,0.6412882,0.712485077927133
1,0.8030964706011714,0.8015465352828554,0.6480697244183021,0.4445106289852314,0.8298347,0.8333051560683704
1,0.5321853861599013,0.4909736745006689,0.21717167768351914,0.3392389363693156,0.5205704,0.5551291662515225
1,0.7080624421827975,0.9062664539351855,0.5691600069310712,0.42212841995626943,0.80031615,0.7509537111518358
1,0.7519741025184987,0.9566798854332738,0.7981041643758221,0.5082577506312661,0.8730177,0.7823806742052619
1,0.6004631245000421,0.4540284633634762,0.39446589217989125,0.3548909059775631,0.6147349,0.7284790448880323
1,0.5548981314732117,0.5927013868580169,0.2876492337014557,0.3595049110526745,0.6489259,0.6426795467225038
1,0.4342047388178399,0.4529136604668497,0.13522149898162153,0.32097427332491196,0.44661847,0.41117300874633866
1,0.7478799367298149,0.8947663283962689,0.5170503879390033,0.4938205902488647,0.8041253,0.7438600437216445
1,0.46353428803685204,0.44795963424952456,0.17134108400183104,0.30437663629995587,0.46547708,0.47055965544298295
1,0.6487559426613454,0.7940568843624315,0.4141146630697871,0.38369429820894396,0.7541623,0.7274122859429389
1,0.673076102811077,0.6201420096351551,0.3391543609787438,0.4255281566377082,0.7132959,0.684227298809165
1,0.756747645474394,0.9363319563969332,0.6198720908382362,0.5117368743966855,0.8761452,0.7628185546046962
1,0.7893312104305342,0.8626495498975421,0.6790327766208968,0.4445106289852314,0.84683305,0.8220920714444477
1,0.8061960020156218,0.9550258564129257,0.7233905515249278,0.4969049576172874,0.82971656,0.8204996351052493
1,0.49022627276494246,0.5648816196260635,0.18840330419038423,0.32097427332491196,0.52470434,0.47896444671092514
1,0.42691760937743767,0.38829391838953425,0.1379278940512904,0.30437663629995587,0.41986993,0.436533216474074
1,0.5783652755329951,0.684957926476723,0.2281420650808049,0.3869917889048607,0.56562835,0.5962376932015646
1,0.8541480807509888,0.9413561161077851,0.7963252530733518,0.5310102925699823,0.90663815,0.885922653820692
1,0.44997894161942026,0.42972353084245235,0.15675982647175984,0.30437663629995587,0.41286615,0.4699056429655558
1,0.42691760937743767,0.3799946468450557,0.14187174068211914,0.30437663629995587,0.4301206,0.436533216474074
1,0.4885861584921695,0.42146504410312086,0.18687329803340522,0.3392389363693156,0.47647655,0.5101449802130139
1,0.8086277561040248,0.8361512555122833,0.6583639097054845,0.4445106289852314,0.83027375,0.8153433617808197
1,0.7733282847932785,0.7693005038065963,0.6154262485180166,0.4445106289852314,0.7883713,0.8134841121996691
1,0.6990426541074348,0.8606525975703793,0.46675671294197096,0.45398710792222813,0.7184771,0.7350659894614849
1,0.8815536076070526,0.9692475437337945,0.8780037803110279,0.5310102925699823,0.9197605,0.897809965505412
1,0.47879382057164876,0.3624883102353183,0.1729145299110064,0.3506809597664785,0.38972145,0.4908764532396075
1,0.4680541091332471,0.5338895284040461,0.15798020923610154,0.3248451422801518,0.44049802,0.4959880277654797
1,0.6603631379548931,0.776028313004103,0.47826970084479103,0.4054685277448023,0.71033573,0.7273750289604242
1,0.676775001299491,0.8403849554899493,0.5074798348785433,0.4718052501304707,0.76311564,0.7522472560054608
1,0.7171213226329182,0.9133017218256467,0.5882775274548663,0.42212841995626943,0.8352166,0.7854688947298555
1,0.5612612449006201,0.6474712488861302,0.28047831681261115,0.35676263114588835,0.62071776,0.6036853203145675
1,0.37261678582670865,0.4220655587473531,0.15272386625493,0.2813440436367968,0.38632953,0.4021432231966793
1,0.5924601613824951,0.5153333324528061,0.5231884560965728,0.3655996288274654,0.6973586,0.6688625205892919
1,0.45823165687853346,0.2966160600465406,0.16530327088179828,0.3392389363693156,0.4397855,0.40650741416724384
1,0.5684736771502166,0.6366014400937988,0.2769513193694379,0.3392389363693156,0.6260225,0.6295259467785358
1,0.816722006318161,0.8868545139047396,0.7249857351958253,0.4445106289852314,0.8523164,0.8426948058015504
1,0.547595918997994,0.8072988171116309,0.28412367515120923,0.3878894728232673,0.59223664,0.6050645714731886
1,0.6459703980358812,0.8029276701286227,0.6059085930516225,0.3655996288274654,0.78872204,0.7359573028199866
1,0.6459703980358812,0.7718454823195967,0.6059085930516225,0.3655996288274654,0.78872204,0.7359573028199866
1,0.44997894161942026,0.43163504459364793,0.16089468191795664,0.30437663629995587,0.41286615,0.4699056429655558
1,0.40645214477221964,0.2295703573510785,0.17809957330168322,0.2837623509558075,0.41841757,0.5635567672516697
1,0.8050183519389807,0.9206252083288124,0.7756920349261457,0.46333685426370963,0.8359766,0.8611191581200448
1,0.8540864193287713,0.9424228357533713,0.7963252530733518,0.5310102925699823,0.90663815,0.885922653820692
1,0.5455658024883735,0.6068930432615286,0.22250697164830693,0.3392389363693156,0.56746507,0.581693031568064
1,0.25030332039464764,0.18520804882385983,0.06826338747368763,0.23820147971668393,0.20408645,0.23120867278109186
1,0.4500148918640491,0.3600451351528041,0.17731079156940238,0.32097427332491196,0.45165348,0.4302585209872078
1,0.5064689910069964,0.49649500881125924,0.21943678025209468,0.30437663629995587,0.5003865,0.5177248542374885
1,0.8447435803325156,0.9683736185515359,0.802667754012235,0.5310102925699823,0.9116872,0.876973219776082
1,0.49555638130939966,0.519878705005375,0.20397213089530153,0.3392389363693156,0.531807,0.5322106170772835
1,0.485876942347188,0.5438779778096786,0.30966946046838173,0.3823781326328248,0.52460974,0.5450935146229935
1,0.3899331916296569,0.34363717502780694,0.12151421875272794,0.30437663629995587,0.37926745,0.37378420167302084
1,0.45507077241492844,0.4345061204707451,0.20093010755536045,0.30437663629995587,0.47128716,0.48044213897778304
1,0.6459703980358812,0.7772903272672488,0.6059085930516225,0.3655996288274654,0.78872204,0.7359573028199866
1,0.7114249187834045,0.8673957385461403,0.6779606829750131,0.42077042599711034,0.7959032,0.7982863572043101
1,0.7987380414326783,0.9386754073492386,0.6766597890434708,0.5158893749879454,0.74873513,0.8407061783517098
1,0.8470738736728675,0.9586021102515875,0.7849364481093718,0.5310102925699823,0.90806407,0.8757303227914236
1,0.8770353257943357,0.9736700755121064,0.8493760594211319,0.5310102925699823,0.9217406,0.8894024601890846
1,0.7315477180886838,0.5968633108955614,0.48788547405622884,0.3789535212265065,0.6518873,0.7613407393928172
1,0.7754260962370574,0.935427716981871,0.7002849206381063,0.5148193316911176,0.83174306,0.8448535932542357
1,0.6198424435342481,0.7173574985740345,0.40540998791234073,0.4051587447597989,0.6458415,0.7222378423029863
1,0.8057052224985367,0.782287968032558,0.6546041819522969,0.4445106289852314,0.8069749,0.8333051560683704
1,0.5808243059240371,0.6813455984660913,0.3302642323973587,0.35676263114588835,0.6543088,0.6277357206923441
1,0.4221353980251774,0.3962665167512532,0.1497971405649274,0.30437663629995587,0.43287405,0.41125119472216914
1,0.5988112340416811,0.6059500694158886,0.5833099214960346,0.36717106159961427,0.67910326,0.7383759220512149
1,0.6078004444680256,0.7065221170562518,0.3610737889362239,0.38369429820894396,0.6896185,0.6798025939718302
1,0.5419486372880611,0.5633981325005973,0.2841406680538366,0.3392389363693156,0.6104922,0.5913028019692547
1,0.41792832719262163,0.3356344666593272,0.14745122512048472,0.29722235750252507,0.34824196,0.3883368536356632
1,0.7852772376175831,0.9437904685521425,0.6435024498735068,0.5117368743966855,0.8900803,0.8152425872560308
1,0.5655226420485743,0.5850062489554008,0.36238147137642884,0.3506809597664785,0.64693713,0.5872510620557087
1,0.4273232663961762,0.37450019636684906,0.14187174068211914,0.30437663629995587,0.4225903,0.436533216474074
1,0.497372645184345,0.5065157982052289,0.23097423575238926,0.34191811854908205,0.54976124,0.5454154452539026
1,0.6675820152420064,0.6855806396041341,0.5170761113745707,0.3347315022658773,0.7954232,0.7152126449629584
1,0.40316841400196457,0.3763526278654206,0.15610758464584262,0.31641329353581055,0.4529593,0.45846428852617926
1,0.3940249725581558,0.4099158681797517,0.09703703564720273,0.30699538790254444,0.30651578,0.3600911626662658
1,0.5841631662032101,0.726289738542926,0.32754464069580064,0.4051587447597989,0.62351257,0.7123649075137126
1,0.7365803717638745,0.9131484093027692,0.4619449084508754,0.5117368743966855,0.8219489,0.7731593991745298
1,0.8023729196833367,0.9553187529136141,0.6290965385444499,0.5117368743966855,0.89714843,0.8160475663095261
1,0.804719141953917,0.7192162623804823,0.6416382982184399,0.4445106289852314,0.78108835,0.8294059896840336
1,0.6480043757563015,0.7170692502990802,0.31461980939957196,0.4255281566377082,0.70850194,0.6574649001079331
1,0.7607737539476769,0.6202652356490047,0.5782576438131125,0.4445106289852314,0.74479854,0.8086592287942328
1,0.8124127071025444,0.8611804350611599,0.7009940246358882,0.4445106289852314,0.8414551,0.8438415505614131
1,0.8556777492771136,0.9666728336470137,0.8026568541754782,0.5131283720347807,0.8885852,0.8649940132199242
1,0.7733282432772393,0.7544537370977563,0.6230219338560574,0.4445106289852314,0.77976525,0.8187992164330079
1,0.8934331274177236,0.9923416870850649,0.8788767239221045,0.5985919487078101,0.9493432,0.8885691612438934
1,0.647274492786166,0.761092232975697,0.3361543805632846,0.4255281566377082,0.7341879,0.6575175982075775
1,0.5757677846938205,0.7056099696525708,0.33928924279101724,0.403407630237987,0.6684825,0.5926585454572866
1,0.8155467867761711,0.8860698815611793,0.7065332273606789,0.4445106289852314,0.8523164,0.8391166738788173
1,0.8087597020498221,0.8270146994650469,0.7035567545831393,0.4445106289852314,0.8327864,0.8342297437741268
1,0.8814594704923928,0.9643783414963986,0.862010433752584,0.5310102925699823,0.9225568,0.8986032689404622
1,0.4066683161335841,0.42603475575011235,0.12105056766207088,0.32097427332491196,0.43710136,0.3851444883761787
1,0.5831733641769439,0.5321063011150952,0.24192494440987303,0.3869917889048607,0.5417373,0.5525824035429924
1,0.7073501764322636,0.7760328287930954,0.5245003455596317,0.4285471044636738,0.7687557,0.7641285372216937
1,0.7002801175879276,0.9015268428755565,0.4976393265656262,0.42212841995626943,0.7813556,0.731502890074727
1,0.5347596402787402,0.5781228651982008,0.23565684334091494,0.3392389363693156,0.5736482,0.5864605072801824
1,0.8821764857249826,0.9635661238265755,0.8638661034416624,0.5310102925699823,0.9225568,0.8986032689404622
1,0.7038322974948474,0.8271701211323748,0.3926657138340663,0.4255281566377082,0.77146786,0.7104972744806667
1,0.6040956899455322,0.6934231682937033,0.31928065873788164,0.35676263114588835,0.65157443,0.6395781729139122
1,0.538283238822487,0.5681861752454963,0.2522905958838684,0.3392389363693156,0.5946852,0.581693031568064
1,0.536213796928762,0.5988864229867064,0.22990364810874114,0.3392389363693156,0.5623703,0.5864605072801824
1,0.6040956899455322,0.6967277626625644,0.31928065873788164,0.35676263114588835,0.6512228,0.6395781729139122
1,0.7002801175879276,0.8983682622993829,0.5428201415478012,0.42212841995626943,0.812532,0.7627174979036114
1,0.6473388934323852,0.8424387035415198,0.48496493702880045,0.403407630237987,0.79027283,0.766492815188756
1,0.7106748893952866,0.8978616874944166,0.6192120701987747,0.42212841995626943,0.83900005,0.811140497335983
1,0.6173750909045719,0.7309358800676676,0.366572404956545,0.35676263114588835,0.68348986,0.6582104742344452
1,0.42562152035881423,0.4970010765908531,0.1607192740448927,0.29722235750252507,0.40694845,0.3990024795988575
1,0.5787625983220811,0.693792244485775,0.32331145707841114,0.3392389363693156,0.6808375,0.6385876205751413
1,0.4885861584921695,0.42051488850927965,0.18687329803340522,0.3392389363693156,0.47647655,0.5101449802130139
1,0.7886989908086991,0.942920842823434,0.6943849972505797,0.4969049576172874,0.8059854,0.8382482846095314
1,0.7321613261487634,0.8812112611635602,0.45707042776574197,0.4938205902488647,0.79125905,0.7495776707213342
1,0.6173750909045719,0.7301685845179249,0.366572404956545,0.35676263114588835,0.68348986,0.6582104742344452
1,0.5844897043896112,0.6762464029505766,0.3671247413521487,0.35676263114588835,0.6690845,0.6369479186840431
1,0.6345243675335893,0.7553535037222312,0.3642188572463055,0.38369429820894396,0.71675944,0.7006347589714336
1,0.7203094885408708,0.9235127658262485,0.5988465419150555,0.42212841995626943,0.8428175,0.7896944909983961
1,0.5851445652602899,0.6946197181497258,0.3474659611832424,0.3392389363693156,0.69114435,0.6385876205751413
1,0.5808243059240371,0.6830358006782301,0.3302642323973587,0.35676263114588835,0.6543088,0.6277357206923441
1,0.3884500947145247,0.33268669916845817,0.13686774941116658,0.31641329353581055,0.40142158,0.4406388731713107
1,0.8741924875518182,0.9658223296712379,0.862010433752584,0.5310102925699823,0.9288246,0.8986032689404622
1,0.5720675700645321,0.5372448855958702,0.2603276438215265,0.35676263114588835,0.5666651,0.5931834342114336
1,0.4755920212457109,0.5616023562795975,0.28137630489049265,0.3401999287422745,0.5105304,0.5606450752314541
1,0.6249999494488181,0.7847408344625251,0.6050041607974419,0.3957445372893935,0.71308535,0.772811662454798
1,0.49296055758443885,0.5577595544686845,0.20644301742128413,0.32097427332491196,0.5267077,0.4720899387852231
1,0.5966044245831407,0.7230928121924264,0.27151068876567275,0.3869917889048607,0.62115985,0.585041475918159
1,0.5844897043896112,0.6770992237916347,0.3671247413521487,0.35676263114588835,0.6690845,0.6369479186840431
1,0.41367188240325375,0.37777453057277405,0.17645796948222353,0.30437663629995587,0.43861118,0.42087827340071665
1,0.5808243059240371,0.6955567273132716,0.29490617200460656,0.35676263114588835,0.64663076,0.6176013556534712
1,0.34414266217767137,0.10366467491331649,0.14773694117743913,0.25017871781593526,0.26206505,0.265199169825504
1,0.4020505239325185,0.20416661069623562,0.150963180994632,0.2908110213121297,0.37578103,0.40866366026600676
1,0.5375770605285477,0.5840646786261078,0.34255099662623134,0.35774638807290593,0.5673785,0.6428114683180912
1,0.2193791959750503,0.07292470649940072,0.05261827716080056,0.23124830142776723,0.18250187,0.2552484486083404
1,0.43932841827070407,0.4809188899144423,0.145921025582984,0.3248451422801518,0.44831544,0.4554960464055061
1,0.47266202401932644,0.4341036604482473,0.17869820734800318,0.30437663629995587,0.4566293,0.4576098731913753
1,0.3624921754658763,0.28734978853724297,0.08382842260882675,0.2908110213121297,0.23503911,0.31817424670323396
1,0.3841689042219993,0.39395552441143816,0.15469094806733827,0.29722235750252507,0.365229,0.37070957776031477
1,0.5461229235187752,0.5222723856615409,0.22750586258354696,0.35676263114588835,0.52515507,0.5478588481885566
1,0.32502238529891136,0.11761291186531532,0.1195477767106273,0.2699128005996935,0.30738932,0.3726509119418962
1,0.24726152151891592,0.18818315747550157,0.08587666125716413,0.26087588312216314,0.24566978,0.27623178903431667
1,0.8597367684871187,0.9623618396740004,0.8047695460207145,0.5985919487078101,0.9103282,0.8861323313540044
1,0.6035794727565087,0.7823479771695784,0.4421177244597877,0.4187815203558048,0.7118118,0.7628863770754848
1,0.631486272237285,0.7035497357173918,0.38809804935352976,0.42212841995626943,0.66088617,0.6453919372719414
1,0.6314072182933937,0.7436457016719371,0.3743124619051861,0.38369429820894396,0.7328606,0.7006347589714336
1,0.5927150655113383,0.8180571439469795,0.43117900982687446,0.40638065837321624,0.691076,0.7281459475232764
1,0.7129194582674652,0.904701697602996,0.7051477765000641,0.43970310804611623,0.7995679,0.8076556546145389
1,0.6661941487361754,0.8761654326457611,0.6272177456719213,0.43970310804611623,0.7653699,0.7820973933520586
1,0.4860461113569632,0.5616019563059402,0.20644301742128413,0.32097427332491196,0.5267077,0.4720899387852231
1,0.5816484620714297,0.6316874322301185,0.4792238882132083,0.36717106159961427,0.6237166,0.7588772171546027
1,0.5565273459735124,0.6355516638652476,0.3093221123935389,0.3655996288274654,0.6447935,0.6129031855032483
1,0.6819878322254774,0.9289590312517277,0.7043575566154736,0.4631103801923124,0.817046,0.7345176711231004
1,0.520334797943883,0.5779674840815021,0.2370658245758992,0.3506809597664785,0.48994404,0.5881422724073209
