y_train,RF_proba,LR_proba,GBC_proba,ABC_proba,XGB_proba,LGB_proba
0,0.19567179952828603,0.22368143965042847,0.03596202369225275,0.3512232981238447,0.13150734,0.13032540863939027
0,0.21351363911087914,0.3097783027599559,0.044193556176314944,0.3512232981238447,0.1576899,0.14363095132606055
0,0.3763853978026704,0.17792945351506115,0.07541104208303445,0.3950820253489819,0.33560377,0.2639822961649157
0,0.3914742300121812,0.4766244024606849,0.08657622261123925,0.3950820253489819,0.31819493,0.22228516197556147
0,0.572932752421087,0.5361586162114858,0.12636244299481475,0.4355434637181663,0.6477485,0.4781204571438811
0,0.6324775467682715,0.153111710410344,0.21032292868267682,0.4355434637181663,0.5321846,0.4897131257991746
0,0.2389444050207562,0.2858516591838437,0.04391249839126458,0.3512232981238447,0.19168825,0.1119371134592999
0,0.48225931489658286,0.3212408225864947,0.12805367923659253,0.4019786275412789,0.50660187,0.3648420136423619
0,0.3174518772400195,0.4179677215872274,0.07050876548477752,0.3578071489530437,0.3293325,0.24246291266144765
0,0.13353277309250486,0.010955886150946012,0.007698648780455975,0.2621617623535781,0.04209165,0.019988509978804397
0,0.6758606774203187,0.7867592279546194,0.0905465485741384,0.49111925278734225,0.67764425,0.4210908156169944
0,0.1943469322507788,0.166773538340366,0.03301714291480929,0.3512232981238447,0.12612714,0.11057387158392734
0,0.6995182247147838,0.8049587915286721,0.1797606060243771,0.44262955328056663,0.65304315,0.5328275803692475
0,0.2129756668546387,0.17110014299888712,0.03908966678171856,0.3512232981238447,0.19970973,0.1330128026355404
0,0.07886917290591558,0.0600219851342368,0.005944165514388882,0.20577830998856164,0.041558176,0.017938982130768492
0,0.19614084946938995,0.1940397161344472,0.026295008274070768,0.3512232981238447,0.10758961,0.1008244420163131
0,0.13996191875439387,4.7411879562838494e-05,0.02326798407807114,0.2578546372179126,0.06659751,0.03766888861709438
0,0.23080263996377204,0.24596832446334918,0.035740270711266155,0.3512232981238447,0.12611406,0.13696249848394074
0,0.3340532498670634,0.1714486010044425,0.05473630167226758,0.3950820253489819,0.18890122,0.18123552723598588
0,0.7637361972424831,0.6694322679662866,0.1430598951884183,0.44262955328056663,0.72526085,0.6727012184710683
0,0.7563582545183332,0.5423605493930054,0.1448432321736968,0.49831129915260314,0.78491944,0.5892301405606174
0,0.06298882448278768,0.007941637405881212,0.013473076166356332,0.22750913171715384,0.025703244,0.01826832074639194
0,0.1934402052918081,0.21824079126671633,0.028373735090749714,0.3512232981238447,0.10077638,0.10648743346727649
0,0.3538213480422413,0.20022005280372188,0.05915974481202247,0.3950820253489819,0.22574657,0.20936930362637993
0,0.3845337077799635,0.21045253390034593,0.025623960808137173,0.3950820253489819,0.21256226,0.14311426731614496
0,0.2621178669248886,0.32214847784366724,0.0262494756392826,0.376440373442018,0.14464854,0.11265618725796717
0,0.23285848155821287,0.2797362092907565,0.03201134230641559,0.3512232981238447,0.13079816,0.12069075205526762
0,0.7557966338994642,0.4810398005355146,0.49833092914930605,0.49052681392237807,0.8009754,0.7878280146051725
0,0.09774848414905975,0.0103176063365615,0.010875153547275912,0.22750913171715384,0.037456796,0.029857796333414285
0,0.13867236599223742,0.3087511826404472,0.01388802751983709,0.2975311087462297,0.080989935,0.048515962695675756
0,0.6216448769155413,0.27573715303208685,0.09792278652679189,0.44262955328056663,0.44286644,0.43970272272710764
0,0.7083745303651287,0.28353771444964265,0.20986817853796508,0.44262955328056663,0.60905695,0.5635583638489897
0,0.7374334103366041,0.5080772258721458,0.1743355605668345,0.4803789988376184,0.6976124,0.6296231371508969
0,0.06688426544298515,0.17682113439276595,0.01230648916594054,0.29155283814881977,0.07170279,0.03922313421541696
0,0.2480309036711157,0.42874042745624635,0.05905564457688035,0.3578071489530437,0.2962453,0.17897857105219103
0,0.48402413685938056,0.8728417301479104,0.294862149381297,0.42551619286080106,0.5877628,0.542139800683692
0,0.7174371093655936,0.5077906604944404,0.37053182841472476,0.49831129915260314,0.7528783,0.7965812295805568
0,0.3379436569380308,0.5979229549030948,0.11641828494526892,0.39282826618007716,0.38276008,0.3344726468652532
0,0.7856804350163725,0.72253976300952,0.38166084319119714,0.49831129915260314,0.76561445,0.789826268807692
0,0.2129618147657579,0.19373302453185628,0.03768172375886984,0.3512232981238447,0.1226189,0.13685969962629924
0,0.7410751261046954,0.8276124292085781,0.4399792258312549,0.44262955328056663,0.7731014,0.6668640639443357
0,0.41703500238592395,0.41355823326707025,0.06003738010671395,0.3950820253489819,0.42016444,0.23330000017921865
0,0.19735798111404987,0.18032056486401044,0.029885051965169974,0.3512232981238447,0.10580589,0.10299859401961603
0,0.26458453682450594,0.31818718896757847,0.05927724121560764,0.3578071489530437,0.2334159,0.23236073330594234
0,0.6716852006336768,0.892774096336386,0.24253008763999223,0.49111925278734225,0.7040522,0.5703106016882997
0,0.40122838071489036,0.36970780988693974,0.05060066829300686,0.3950820253489819,0.28636554,0.18998939149706534
0,0.2002139095761703,0.18445541948444133,0.030515728370271833,0.3512232981238447,0.09398799,0.10948175374519431
0,0.5533480536992719,0.17335223713432324,0.20138036207624238,0.4833388769647488,0.595341,0.4925792529825792
0,0.1830647906908009,0.13228935492797403,0.026548928625656644,0.3512232981238447,0.087739475,0.11626131924556987
0,0.5006862634072733,0.35911239961295693,0.06373360169092981,0.4019786275412789,0.37940314,0.2480705734371693
0,0.24939743449584234,0.29886966898429973,0.032987284326380956,0.3512232981238447,0.21398614,0.1527595191265659
0,0.04795124425293195,0.1678963161230783,0.0084787568890286,0.29155283814881977,0.04094158,0.03184884306946757
0,0.08233681611727313,0.23448726955896945,0.01657416167086603,0.29155283814881977,0.09357237,0.05764765959934151
0,0.40740332052679556,0.1849213715954273,0.03946112503500121,0.3950820253489819,0.2994778,0.20686011285575934
0,0.31090373914113495,0.35482756545593996,0.045828037409197726,0.3578071489530437,0.21926971,0.19698629344872207
0,0.5672666709047843,0.23531578234001088,0.06278363812478097,0.4355434637181663,0.37832904,0.26736324577053916
0,0.21727546918556837,0.24566695393325294,0.045276061316026975,0.3512232981238447,0.15967573,0.15389869091619388
0,0.20019485561707182,0.29339700077392455,0.03730882481065354,0.3578071489530437,0.17971234,0.15950578527133616
0,0.25059781746589055,0.19514507311259488,0.037572949759646056,0.3512232981238447,0.14608799,0.12081393885597001
0,0.08771538297607372,0.14299964049302955,0.02421756995450627,0.2935284059061342,0.10393986,0.11690491981169429
0,0.7173674944605838,0.47638733572174147,0.13536006033803133,0.44262955328056663,0.5753583,0.4927513862077826
0,0.2035623335477332,0.11937920028721766,0.04731757028562477,0.3512232981238447,0.16355483,0.12115966457753115
0,0.2965338056144073,0.09181069225125191,0.07071328604339691,0.34050758782761664,0.1383229,0.10698513701600805
0,0.7776325332812744,0.932718125869464,0.2378776999471007,0.49831129915260314,0.7853777,0.7722812337227817
0,0.29736076071291495,0.3031006825581014,0.05176257111271536,0.3578071489530437,0.22158478,0.19845521861984286
0,0.23339477041369483,0.2875163389105975,0.043474043643026296,0.3512232981238447,0.18042748,0.16079647223914173
0,0.7582894291470539,0.49786317463910545,0.24306163919809046,0.4803789988376184,0.75074846,0.7098343151710703
0,0.19349361452583533,0.15178720757666497,0.02968325065878486,0.3512232981238447,0.11167564,0.11057387158392734
0,0.25059781746589055,0.16676397030937,0.0750439451345341,0.3512232981238447,0.17895944,0.13742392316273402
0,0.28788390801332414,0.07840013950493738,0.016021189338945332,0.3508014415400109,0.1530195,0.10982698620863439
0,0.6098956271438328,0.9871427049223436,0.28428178406528115,0.4743437017972557,0.7230986,0.7411738802716147
0,0.7985904945686118,0.6643332095099611,0.12605422390518717,0.49831129915260314,0.8087806,0.7616176647022607
0,0.18698256651304265,0.21709646174769043,0.03029409204677606,0.3512232981238447,0.092109896,0.12586664537363598
0,0.20103995294248864,0.18528576249496026,0.03742930604643628,0.3512232981238447,0.12116072,0.1408722308579185
0,0.7640326959653561,0.5650566320594486,0.28204775684792005,0.4803789988376184,0.66824317,0.7265684732504826
0,0.20323252578735407,0.25896192710861204,0.03792739761970598,0.3512232981238447,0.15275043,0.12707018865081973
0,0.19183773330218976,0.12239025701521893,0.02654438699017206,0.3512232981238447,0.09505654,0.09850429576010007
0,0.5627673169538614,0.526612655628494,0.18472015108865955,0.4019786275412789,0.64299214,0.4045021992473081
0,0.208172839361828,0.29343262412620724,0.03408695105688714,0.3578071489530437,0.16651398,0.15019381612396382
0,0.19705376876090544,0.21527896992598544,0.024285994667841378,0.3512232981238447,0.089628115,0.11282267797118535
0,0.05078071034889952,0.16793388333331408,0.008316353597570105,0.29155283814881977,0.04406473,0.030698712615224465
0,0.5292716772721697,0.4370973049066765,0.05108632554529825,0.4019786275412789,0.3896811,0.27728523365399177
0,0.6610122970290345,0.40082611429696346,0.09237048163848248,0.44262955328056663,0.47752732,0.3780375589867725
0,0.23048379816629783,0.28122949008229947,0.04651905066125532,0.3578071489530437,0.20951407,0.16796455816962585
0,0.13986886281038616,0.013369104755048529,0.006981282830796995,0.2326053590643147,0.046086103,0.028671962098101602
0,0.051605394405382546,0.23358069276111076,0.01215987629289035,0.29155283814881977,0.07127005,0.03517970534523021
0,0.5144110311062916,0.3341966283369299,0.07416252506718249,0.4019786275412789,0.37505937,0.391535500503886
0,0.2387645760994005,0.01615854441311648,0.03396292242330012,0.3282612662889062,0.107667804,0.0721585805507399
0,0.05793635648551999,0.2481568136900868,0.03211536097463049,0.29155283814881977,0.071940534,0.037159218827179506
0,0.14639681764645618,0.18395306218074134,0.012336661328450528,0.2975311087462297,0.074674815,0.04210636615020697
0,0.0254387468279196,0.008814872039650956,0.012490002772453577,0.18293053234880133,0.02395365,0.007818350013024658
0,0.06581689980112652,0.01808358308831773,0.005564093531183535,0.2603399224237415,0.047167514,0.024320580897762206
0,0.21289293827735883,0.012938452641628233,0.024760482558899077,0.2956639233515817,0.07242117,0.04778199812361951
0,0.2745559145868785,0.5538417282848445,0.0413382307326569,0.39282826618007716,0.32884318,0.2685888382578561
0,0.25659452888816875,0.07065497749814138,0.08942404438423138,0.301690593561305,0.0933783,0.0720413933819121
0,0.07100264479771766,0.0049585908042406495,0.00847415318761286,0.22750913171715384,0.02573945,0.016682733193747783
0,0.13122227274358533,0.25372576348343007,0.017285219785356652,0.2935284059061342,0.07437176,0.0711728875706786
0,0.25093849636164206,0.030207491729927465,0.029306140551123048,0.301690593561305,0.12669651,0.06421275353076218
0,0.05718348791552476,0.16498949975623953,0.010151053222226878,0.2935284059061342,0.060553484,0.047470918654886625
0,0.06634391609162975,0.18248593499422397,0.010959017305600846,0.2935284059061342,0.06950635,0.04226916675556869
0,0.08945524037276435,0.23445045055628236,0.009930971528408996,0.2995300583086413,0.06864588,0.05210822177648688
0,0.02925241842096461,0.0045230633710191875,0.0034532283501091036,0.18293053234880133,0.018503826,0.0077908543747007425
0,0.10962282978471848,0.009251783057077967,0.014962242720866404,0.22750913171715384,0.03559381,0.04040166596160577
0,0.20198616905512762,0.17060323128451602,0.028394603904277917,0.3512232981238447,0.12257575,0.11927848812618688
0,0.13092409548546105,0.18280665547675903,0.04139646499444118,0.29155283814881977,0.0741517,0.11601586300713408
0,0.1665212586743085,0.07357217909080047,0.031737523026496,0.2659184078646819,0.0887446,0.06456980205813631
0,0.11272229310145895,0.015276448472029757,0.011831647392658441,0.2847850324675143,0.05472314,0.01433906967755631
0,0.11648993045394641,0.17065239311727484,0.020406043564167146,0.3338903502659587,0.09813717,0.07763000766901484
0,0.06251745447211411,0.243430265725199,0.013496288142488124,0.29155283814881977,0.06310697,0.04520665755546197
0,0.024704531707552987,0.005844753790613679,0.003991309355773113,0.18436161200379395,0.01924492,0.010188971164053229
0,0.39968241557623513,0.39437111432350924,0.08511179641494113,0.3578071489530437,0.35495982,0.3088475721348287
0,0.0844522532251999,0.26228605754591555,0.016912156977412517,0.2935284059061342,0.0874476,0.049140783537964174
0,0.10140094344794878,0.2680988834074696,0.00948962567912914,0.2995300583086413,0.055979583,0.055527609208653905
0,0.1627408777227768,0.33140803197308216,0.06252846541593798,0.2995300583086413,0.14505598,0.18948154938795922
0,0.14320844830239676,0.28797691642806933,0.05433367948796069,0.29155283814881977,0.107753806,0.13120342435793764
0,0.10201867569409803,0.33051287321297323,0.014962730784452372,0.2995300583086413,0.09743482,0.07156962326854506
0,0.03400886155063703,0.006892879590270705,0.004478241924119733,0.18293053234880133,0.023736978,0.007739228749799309
0,0.14959609142561067,0.27872281763190776,0.012538966971488102,0.3381799807668046,0.08523644,0.06600921423483529
0,0.023864181563194257,0.005771706898349372,0.003991639397415218,0.18436161200379395,0.023843806,0.009550766965082178
0,0.12788697240394897,0.010218505973233653,0.008346592403063494,0.2621617623535781,0.041564196,0.01911128272987387
0,0.07193175733197006,0.009823727081297813,0.009375599509231555,0.22750913171715384,0.03231305,0.017027959296103918
0,0.4463753964098342,0.7098760409200937,0.08730318921805073,0.39971152240884866,0.46945548,0.4396115562072781
0,0.020272335456641147,0.004870138428819396,0.004565598992087824,0.2126624803195589,0.021891246,0.008395076338238702
0,0.05336349356565332,0.015459215741066394,0.004122451899731796,0.2472286068004471,0.034371484,0.009035054770599764
0,0.08658147527316562,0.012126741545090407,0.017751336147812213,0.18436161200379395,0.034545187,0.0248086150512099
0,0.04436806352496599,0.027289653971644196,0.006988028591040554,0.2042226111773245,0.049370456,0.016298141278114013
0,0.027749610284889627,0.005659017423453326,0.0032569350909076923,0.18436161200379395,0.016128724,0.009952566402295708
0,0.5742804323318955,0.16809886368278804,0.07629390207976898,0.4355434637181663,0.43254873,0.30196463688456626
0,0.7080607632525436,0.3880712846070743,0.27224817720906147,0.44262955328056663,0.5613057,0.6167774799552243
0,0.019948134892140902,0.006785680357499921,0.004648225214185156,0.18293053234880133,0.017319473,0.008174875479128726
0,0.07627373022073441,0.0054969074285268526,0.008763125437789692,0.22750913171715384,0.033098504,0.017327877895239683
0,0.13190047266688956,0.21145220608357282,0.015811690956907237,0.2935284059061342,0.08403454,0.07174294176062124
0,0.12884489367273738,0.1934501082296822,0.018682247216924852,0.2935284059061342,0.14675245,0.09216075688014984
0,0.04989559067747191,0.1737090982231888,0.011300212891733847,0.29155283814881977,0.058155984,0.03655259519820074
0,0.12715018005680995,0.14105561514228554,0.008364005939054158,0.3381799807668046,0.06883943,0.1141826271572571
0,0.14106669756892126,0.004874916625979153,0.0494673658004795,0.2708631998570037,0.102274805,0.04576734015650876
0,0.7985904945686118,0.987494819624326,0.2284939822009006,0.49831129915260314,0.8087806,0.7616176647022607
0,0.15183317296591642,0.38692054517106045,0.010768300476934209,0.2995300583086413,0.093066335,0.0779782010840825
0,0.2357942157510032,0.02063280770509373,0.003962588727461651,0.344277391998746,0.11421696,0.03934808238213483
0,0.3621135630128507,0.23375171073349674,0.029007053639564552,0.3786836814548023,0.21392235,0.10608806825973288
0,0.29082223898564746,0.595308039309248,0.08368365261929751,0.39282826618007716,0.26853997,0.27953432683084634
0,0.16968829740187338,0.33848820238349686,0.011992579873508453,0.34031972244991754,0.11970248,0.09228647727465755
0,0.23048137929505536,0.23269066679664624,0.03178817008494221,0.3512232981238447,0.10512924,0.10351157350399194
0,0.06351444999566219,0.14962614195496465,0.01336726744870913,0.2935284059061342,0.06323391,0.04769568194327574
0,0.19066591705404448,0.02759931596615406,0.010644783389761063,0.2956639233515817,0.05179191,0.021118223232555577
0,0.24309937647561672,0.4784545766551921,0.025427321674682174,0.34031972244991754,0.24297965,0.13484083786368609
0,0.0557231852502454,0.007613775197834926,0.0050871096787452885,0.18293053234880133,0.026317244,0.009433438709513912
0,0.7273139159080699,0.6441151919944457,0.3912900982920099,0.49052681392237807,0.79123914,0.7739027171617217
0,0.12836599031976628,0.256860507604729,0.013570120692438672,0.2935284059061342,0.07704382,0.06898444579841768
0,0.06997735720874391,0.14571334442765113,0.011336883514645497,0.29155283814881977,0.04785589,0.03910129314170224
0,0.11500369067271986,0.2800647027481275,0.010795522844902546,0.2995300583086413,0.06522661,0.0531158630481536
0,0.39718498248842765,0.8445665649855016,0.12241995823644909,0.41504049929582243,0.50173855,0.42932419514891945
0,0.0742931060535521,0.012295958821633165,0.018795963126837734,0.2326053590643147,0.040334508,0.02561639143672513
0,0.2191089797065094,0.24883824079820463,0.06950199505817416,0.3512232981238447,0.118336506,0.1220699679111349
0,0.20049397645815212,0.13249045027018402,0.026446967910065844,0.3512232981238447,0.08893677,0.10563541342837036
0,0.06080896925800646,0.19354376241218912,0.013542426494977972,0.2935284059061342,0.052236803,0.05609062628547158
0,0.5425263758950698,0.20576268829748937,0.07130025381638319,0.4355434637181663,0.37836215,0.2588800745584638
0,0.07631682406227858,0.33955733416598405,0.011839894458034024,0.2995300583086413,0.101052575,0.057835490346569186
0,0.15385555648265378,0.33743602517935617,0.018400979846101322,0.2935284059061342,0.11640695,0.09700476400511827
0,0.5668074974261582,0.5303675284648051,0.1116743141028607,0.4355434637181663,0.48078775,0.382086035055211
0,0.0687246868360139,0.2959676622730284,0.01533624613054795,0.29155283814881977,0.08248834,0.047130369921014215
0,0.33904800920233413,0.4311948341616074,0.07602674449093517,0.376440373442018,0.3682602,0.2052428703687328
0,0.05747846622709865,0.19901524163834827,0.01021237728332102,0.2935284059061342,0.048376698,0.04844098281076129
0,0.0650129147649241,0.44960741319832426,0.03570672338661077,0.2975311087462297,0.06588086,0.03704705525350655
0,0.4027793781114444,0.7156957652272681,0.12199705599189838,0.43256416293512245,0.48761678,0.42425229577313645
0,0.10548590811849669,0.005513535815766522,0.03688104526991817,0.2126624803195589,0.07646886,0.04852489376322729
0,0.051767045856044344,0.19037754526054126,0.011488467082830177,0.29155283814881977,0.049174882,0.037226304579145185
0,0.10993736330598573,0.007146141775477984,0.040305234912430904,0.22750913171715384,0.06809649,0.07351173101718805
0,0.08890241862416463,0.3167289996243603,0.018324492958049894,0.2935284059061342,0.111127995,0.056444814547209
0,0.04877592830941499,0.18301960235879552,0.01209446928316101,0.29155283814881977,0.05853884,0.03655259519820074
0,0.14638854652563266,0.3714105115671537,0.013967678243185547,0.2995300583086413,0.09026888,0.06885489411464091
0,0.2714639169634711,0.31646245219379504,0.02003300916114726,0.376440373442018,0.16064245,0.09257995520952908
0,0.020786755885311214,0.010228124622396102,0.003460758360775746,0.18436161200379395,0.016061924,0.00913736816630577
0,0.016030359069899126,0.005272106733577324,0.002850514257677884,0.18293053234880133,0.016760657,0.007149136469052986
0,0.12880556250756164,0.021759549615741617,0.006694007053712515,0.2784968636569858,0.12678982,0.024930990646058637
0,0.302396076031288,0.24202124637188294,0.06684950259096004,0.392386661164499,0.21914835,0.123736342632026
0,0.0749768359093067,0.010990885551636681,0.011352745910213034,0.22750913171715384,0.03361665,0.019669732054588815
0,0.04371515217609849,0.003548827517738068,0.0037200420129382705,0.18436161200379395,0.027786661,0.009957695219847204
0,0.20334457976429024,0.19315417620405828,0.029811601439254782,0.3512232981238447,0.11107002,0.12633198541666799
0,0.054641656413734675,0.005399251411813245,0.007463111936878689,0.22750913171715384,0.025507506,0.015162169223847907
0,0.020786755885311214,0.010126537942362587,0.004163451979290551,0.18436161200379395,0.021348385,0.010417825376934009
0,0.2934307250450392,0.633389283674604,0.08874059170055143,0.39971152240884866,0.3859314,0.38822269095288103
0,0.18034293241365268,0.014157619534965794,0.01465500841686325,0.2677651535016252,0.06127439,0.033876081696886176
0,0.20873982659037163,0.24339822707068293,0.035282977398708996,0.3512232981238447,0.14958256,0.144249026666507
0,0.025595171602570917,0.0066022094885155,0.004246985085775637,0.18436161200379395,0.020962885,0.0104696152251246
0,0.1745510115678126,0.16792384834443028,0.024859197556630384,0.3512232981238447,0.07906799,0.10703802089001505
0,0.1686838373712982,0.010568364115446599,0.012905114962210645,0.2956639233515817,0.05719179,0.02947658850827195
0,0.23500519501883654,0.33536211288479534,0.07252377968776878,0.3512232981238447,0.20957035,0.1457619389475442
0,0.21957483201256683,0.005336845053621802,0.021425758406735714,0.33728146198957726,0.11114974,0.04798610789729123
0,0.7495565670241368,0.5878016062021582,0.1942513615908221,0.4803789988376184,0.684069,0.6055404869190701
0,0.08990714059638233,0.020267008341945825,0.00962316430676636,0.22750913171715384,0.031499706,0.0205663980297635
0,0.6143113069514718,0.2687748241864151,0.06249797772167833,0.4355434637181663,0.45901915,0.3168006949568935
0,0.2586211233817066,0.11051060823956482,0.009181237494192133,0.3508014415400109,0.19001028,0.05481991494057491
0,0.5114499612900256,0.41736047042892094,0.048922041925818914,0.4019786275412789,0.36772683,0.391535500503886
0,0.20800762796363126,0.22481474635291548,0.033274314341101875,0.3578071489530437,0.18650614,0.15845149486432533
0,0.07251325544980591,0.007101650581280827,0.0072066053243354895,0.22750913171715384,0.025290998,0.01702016209689436
0,0.21263335951719903,0.20281878146185645,0.04285934735509988,0.3512232981238447,0.14859486,0.13275631127682017
0,0.7439667800893356,0.4870919327009057,0.1652272898011585,0.44262955328056663,0.573322,0.5554262722055968
0,0.2501979041066079,0.21873799098510738,0.03363316411696829,0.3512232981238447,0.1291385,0.11924348587618487
0,0.027749610284889627,0.00436030805412803,0.0028488680793054342,0.18436161200379395,0.015812542,0.009493359384250815
0,0.07585190188204811,0.1596952772084321,0.009475174065563348,0.29155283814881977,0.04990272,0.0336578107173912
0,0.07729660708857945,0.16373326543905306,0.01053080439487407,0.2935284059061342,0.05592128,0.044276940338476185
0,0.06801398150972827,0.008694592194157788,0.008352526149358873,0.22750913171715384,0.026876114,0.017825312213847335
0,0.15278049582078201,0.009091417707493894,0.026443088190879878,0.2621617623535781,0.04328674,0.02360520973936509
0,0.08068177257795744,0.005916060489606405,0.009782823872968083,0.24366788925144137,0.060637385,0.015456873649739892
0,0.4408377692435774,0.14447480185844278,0.02241832985584297,0.3950820253489819,0.27498013,0.17205826251217476
0,0.48366769262738357,0.3103159773305404,0.08614967602820729,0.4019786275412789,0.46884146,0.37398088269127844
0,0.04456110389945235,0.007962900510271716,0.002637986339038255,0.18872745861079573,0.018592166,0.009849847857679455
0,0.6501814307437206,0.32981010076617395,0.08051108531825303,0.44262955328056663,0.47632927,0.43744069963382615
0,0.03876525836604912,0.008767353110779311,0.0039705856698308605,0.18436161200379395,0.022217216,0.009878902491965564
0,0.31694264295217706,0.41819232769001935,0.042738171839772104,0.3786836814548023,0.23830439,0.1930780675344379
0,0.032135939756717934,0.00968866736923483,0.004242915572823246,0.18293053234880133,0.021386929,0.008065426709399283
0,0.06611578956532731,0.008019598642858889,0.00939878553730748,0.24366788925144137,0.05849446,0.016048545171362873
0,0.7452698535829023,0.810366098458393,0.22180408947721236,0.49831129915260314,0.77550644,0.6606688172303983
0,0.09229805901560789,0.2749808597445991,0.008239241855865425,0.2975311087462297,0.045433234,0.035169271813210924
0,0.030071413927094046,0.011056086574651989,0.004791926693957906,0.18436161200379395,0.022650713,0.009568832269828811
0,0.16738762251243153,0.0076964243674310885,0.00912999584746177,0.2956639233515817,0.046607602,0.02124368600703244
0,0.16968829740187338,0.34910140472655166,0.010856412274561739,0.34031972244991754,0.11640921,0.09228647727465755
0,0.7640326959653561,0.7056547507463988,0.21573997498257302,0.4803789988376184,0.7219875,0.7218914575784371
0,0.1743296526219317,0.33068338718271795,0.013931570583813523,0.2995300583086413,0.08299273,0.07215724147758101
0,0.04795124425293195,0.09763796910018263,0.00865497002140638,0.29155283814881977,0.03826214,0.030949536069485077
0,0.7108509775770192,0.27139051239241585,0.3074016323540826,0.49052681392237807,0.69121563,0.6962804379762989
0,0.20356473143789525,0.1924704262480809,0.031341253737010695,0.3512232981238447,0.13910428,0.12262993258389682
0,0.14199788413016215,0.019370888328466663,0.008471322253083047,0.286733302091762,0.075590886,0.020776782995951208
0,0.09646279996100145,0.33026497836830165,0.009897643919721654,0.2975311087462297,0.047128152,0.035169271813210924
0,0.3341172408765637,0.39080867375640943,0.0680469975797961,0.3578071489530437,0.29082406,0.22302380022842427
0,0.11823162549421344,0.009000831753185895,0.027094846311668027,0.2621617623535781,0.050977163,0.033361083752415074
0,0.016030359069899126,0.004478173698107375,0.0028488680793054342,0.18293053234880133,0.014557822,0.007436563326499369
0,0.027046007151058617,0.008193122496637471,0.003563499923030487,0.18293053234880133,0.02110745,0.007389646992382768
0,0.0744671409926119,0.2132174737632059,0.010330601287638054,0.2935284059061342,0.067706294,0.04754915887964314
0,0.612159203994244,0.783352136836738,0.10466183876080119,0.43837190951369853,0.6721008,0.42634208072144797
0,0.04907090662098887,0.185052527699529,0.009256177676239333,0.29155283814881977,0.03874354,0.03352756585359213
0,0.2002139095761703,0.22424716636278577,0.028307003953541104,0.3512232981238447,0.09981039,0.1008244420163131
0,0.35625862420102544,0.31526274729179754,0.08084975333491028,0.3950820253489819,0.25084364,0.23813599429961044
0,0.08242745315769456,0.008082973994392319,0.013718662392307727,0.22750913171715384,0.034300096,0.02466534991124629
0,0.06437103107290203,0.00821449918135229,0.008054254843077698,0.22750913171715384,0.02616304,0.01700910076206832
0,0.6889055030003373,0.4045963201410087,0.035153813931230224,0.49111925278734225,0.6865967,0.39990347430325796
0,0.28505318353890724,0.6252594826266323,0.06660240651617334,0.39282826618007716,0.31101453,0.27253062588723037
0,0.7439667800893356,0.6033236259347559,0.27790538446905033,0.44262955328056663,0.5854305,0.5996861419322138
0,0.2129756668546387,0.1560303779243287,0.03464108150698028,0.3512232981238447,0.18242554,0.13229912497018734
0,0.2237464723689524,0.12995466805759942,0.03778043970244918,0.3041181248309479,0.11845977,0.06812512672558359
0,0.14250234997168904,0.16321835265821266,0.022407811994063075,0.33177070244385415,0.089118026,0.05914355547216505
0,0.36362060965841186,0.21160804005483314,0.026089466250812925,0.3950820253489819,0.1910378,0.15351936310578992
0,0.15992324059847332,0.2305300960331938,0.011457489250676984,0.3381799807668046,0.07097356,0.059084420625273956
0,0.030123432828941667,0.007622962234194797,0.005043031117414922,0.18293053234880133,0.027253373,0.007739228749799309
0,0.06300407155812168,0.2631140094597967,0.011469678178983376,0.2935284059061342,0.0551215,0.04463486529631879
0,0.1967246939773593,0.2773256603563023,0.0362413323462097,0.3512232981238447,0.1375189,0.13462922357170135
0,0.7640326959653561,0.5801873035103324,0.30869072637494815,0.49052681392237807,0.72881806,0.7094362875437258
0,0.18731182779178737,0.07093663427627088,0.007239641557151719,0.2784968636569858,0.062264424,0.023653307847819514
0,0.05622655275760935,0.13267345671677772,0.010899998347770825,0.29155283814881977,0.056962024,0.031156257135956295
0,0.2502958475464222,0.43451408525188134,0.04920164349180411,0.36971104672206595,0.23148927,0.08101241753440473
0,0.4545558431608655,0.32155465804940064,0.03392355035180582,0.3950820253489819,0.32153222,0.20482010130766284
0,0.08049485901805487,0.2861836983243547,0.018324492958049894,0.29155283814881977,0.09495124,0.04294763615104815
0,0.5897910931075926,0.16757045325662087,0.27672435963627967,0.4732016485331687,0.53979707,0.5777131421822769
0,0.1701416406431608,0.02056801031101953,0.012487765872088595,0.2677651535016252,0.060546193,0.025542437491646534
0,0.06495252919073786,0.00590773942824909,0.007252858659535104,0.22750913171715384,0.023701336,0.01707650576527589
0,0.06445795680413388,0.00470113271027276,0.007247774210314263,0.22750913171715384,0.026840357,0.01790686279801935
0,0.0749768359093067,0.006606299301569658,0.008802600756827799,0.22750913171715384,0.031659584,0.019669732054588815
0,0.12377379671479527,0.016644799183528923,0.027135246833538726,0.22750913171715384,0.051179033,0.02081623859485832
0,0.055535963118281885,0.009551325525317162,0.005710352193043071,0.18436161200379395,0.042518817,0.013315774139053055
0,0.05689743368430044,0.009693947574700362,0.003005151557896146,0.18872745861079573,0.023753172,0.011250597621326318
0,0.015624779116398741,0.0043206897906929165,0.0033021891783654054,0.18293053234880133,0.017728899,0.00715714254146966
0,0.09861861313172884,0.006054906436300258,0.016922105844225762,0.2727525487536061,0.08850722,0.01972830751524869
0,0.028947153731539464,0.008696511443107782,0.0033189667165998437,0.1872702706754665,0.019743994,0.008160327272129946
0,0.03897433657759457,0.015522401142985595,0.004138566986102949,0.21914888307637678,0.023797842,0.010888915058279597
0,0.08251113105551416,0.004572004810123259,0.010379956056873594,0.2789611642334716,0.05244423,0.015940025610155478
0,0.035319407147874696,0.008817118540645447,0.003653933952428476,0.21914888307637678,0.022714576,0.010888915058279597
0,0.23117581347081623,0.333588600135046,0.03988127487930231,0.3512232981238447,0.1870398,0.1910176506455064
0,0.02198861333934884,0.00586085621989991,0.0034075656301329957,0.18293053234880133,0.016892014,0.007797063419447874
0,0.03776296646516376,0.010541940582599156,0.0034976714744605055,0.18872745861079573,0.021608451,0.010180283828520938
0,0.04371515217609849,0.004092214080327923,0.007930955822899478,0.18436161200379395,0.041073512,0.013443451513266022
0,0.15340209494271698,0.3502125498227794,0.01051201307148317,0.2995300583086413,0.07801799,0.07302571984348492
0,0.06655878971274755,0.17129953565785502,0.008120582628619139,0.2975311087462297,0.041588016,0.031707532551519035
0,0.06584640744830515,0.1827982415898375,0.013542426494977972,0.2935284059061342,0.048209064,0.05609062628547158
0,0.11650768613511547,0.2306204651093177,0.023620399029714682,0.29155283814881977,0.09083861,0.05909292888219069
0,0.06343672049654836,0.17341931770948577,0.010181204541186218,0.2935284059061342,0.05210633,0.04605112623903273
0,0.08283508221381838,0.19549970062278416,0.013304922849468567,0.2935284059061342,0.06294242,0.06009957323559018
0,0.0254387468279196,0.0067965087072990515,0.0036321798296913713,0.18293053234880133,0.020301426,0.0071435975031640606
0,0.053521072019953604,0.17371258057909922,0.012114651360425745,0.29155283814881977,0.063712105,0.04223294968285227
0,0.04837723598899947,0.014385086203937284,0.0038985386748638736,0.1872702706754665,0.024888044,0.007740889002032692
0,0.038953604856252044,0.1932064204188945,0.008656681747502306,0.18293053234880133,0.025869701,0.01018691424393017
0,0.043946448677236793,0.00277362016264789,0.005354978375007313,0.18293053234880133,0.017249817,0.007629693019135456
0,0.04130241218810116,0.009286981244988925,0.0027498186278319043,0.18872745861079573,0.02502409,0.009873375452765516
0,0.03717055729243104,0.011706779375397753,0.0035491044271037846,0.18872745861079573,0.019858662,0.010608585565697666
0,0.2287455038184804,0.2605197497547289,0.03215004366040114,0.3512232981238447,0.161589,0.13568250942597063
0,0.7439667800893356,0.6850019798093823,0.08713184544223121,0.44262955328056663,0.5997875,0.5916078956179585
0,0.5422527119935461,0.3441644364767232,0.046153738213278485,0.4019786275412789,0.38357502,0.27516896412371644
0,0.0844522532251999,0.20773780868556965,0.015110210061402979,0.2935284059061342,0.0780155,0.04400163902680684
0,0.07091632239518315,0.20300827454744041,0.008391249187466077,0.2975311087462297,0.062120754,0.03381079318687595
0,0.7439667800893356,0.6935878307915848,0.07883442489472411,0.44262955328056663,0.5997875,0.5916078956179585
0,0.201478381963855,0.2142371816436303,0.030374861338369922,0.3512232981238447,0.12882933,0.1293215285809946
0,0.08945524037276435,0.1893157506075615,0.010036803945525665,0.2995300583086413,0.09079495,0.07077533619885547
0,0.558243846547497,0.5066892629418444,0.06512962144103746,0.4019786275412789,0.49066252,0.32203163236573984
0,0.05622655275760935,0.16827688514789366,0.010186466184298318,0.29155283814881977,0.053958967,0.036210323056158136
0,0.7772626498308823,0.8610574939277036,0.2591666164705254,0.49831129915260314,0.75538194,0.5860123737631601
0,0.3282654844156279,0.22745758086887205,0.05751893935481141,0.3578071489530437,0.25891003,0.23409229939774
0,0.2019182441478957,0.01604907160791318,0.022762679526677015,0.2677651535016252,0.06361515,0.0430400018365967
0,0.27486334694595466,0.3497154518346953,0.05898029854499897,0.3578071489530437,0.2519986,0.2484797500428805
0,0.7555124463520915,0.6569307112872721,0.017405035189516225,0.49831129915260314,0.6941286,0.4897311878476653
0,0.7346236749547479,0.7457274470586553,0.15793562026548594,0.5356147166562373,0.8479672,0.612524746604272
0,0.28788390801332414,0.11180390866139563,0.010661292650860668,0.3508014415400109,0.14427616,0.06876253901673321
0,0.07091632239518315,0.2291559716578036,0.010043164761897962,0.2975311087462297,0.07544933,0.03668411021392876
0,0.08174677248754417,0.28634939373890617,0.012945848893356572,0.2935284059061342,0.08512927,0.059179551780199194
0,0.5324552898836671,0.3094757727276173,0.04441360487173318,0.4019786275412789,0.3650941,0.2589669489878263
0,0.18870894512870762,0.231957144181073,0.03456657446574847,0.3512232981238447,0.14160058,0.13032540863939027
0,0.6986863254849821,0.38645214155485713,0.18734892518709462,0.44262955328056663,0.5055965,0.5498977820427893
0,0.06862782672811055,0.010323290789743034,0.01406546372590911,0.22750913171715384,0.037094496,0.02197089260128943
0,0.020838774787158832,0.006226877556934065,0.0046572473465296416,0.18293053234880133,0.021394474,0.008440160591571688
0,0.6366741327172992,0.32177451832432946,0.09065484684097892,0.44262955328056663,0.48905256,0.3932919784406778
0,0.07280682330471148,0.21905750748018502,0.01139824076369492,0.29155283814881977,0.04835631,0.03755622030008065
0,0.030123432828941667,0.007411843253055668,0.006010192146597411,0.18293053234880133,0.03129208,0.008440160591571688
0,0.031502271743977565,0.008695773842896968,0.005307112239583065,0.1872702706754665,0.022773633,0.007668067985315908
0,0.2636819180355138,0.6440934118551113,0.06936936834450767,0.39282826618007716,0.3167153,0.24376876400895822
0,0.5290012282355977,0.4187114610728824,0.06290792404441743,0.4019786275412789,0.365971,0.31866930113122144
0,0.5149377315893418,0.5445403375752188,0.18208264762962076,0.43837190951369853,0.5352308,0.45200420243033385
0,0.5301280409959167,0.5055420566606554,0.05032903268461734,0.4019786275412789,0.4081176,0.30532357655550013
0,0.2054149405955707,0.13859223468557505,0.032642816320127575,0.3512232981238447,0.16800368,0.11955676296390322
0,0.07193175733197006,0.007091253367944652,0.008050217418518897,0.22750913171715384,0.028508037,0.016315439138556813
0,0.020838774787158832,0.008365050119428768,0.0033827026288519215,0.18293053234880133,0.017461397,0.007886241963521744
0,0.1830647906908009,0.19517547507117067,0.028555467215877695,0.3512232981238447,0.08958122,0.1293215285809946
0,0.019107784747782172,0.009838300721112874,0.003669721297176897,0.18293053234880133,0.01808074,0.007329174970081804
0,0.15441949558345072,0.004207681515043744,0.010249218030413565,0.2956639233515817,0.060930025,0.0189602741300298
0,0.12825142653415195,0.3040068168255145,0.01249881647947474,0.2975311087462297,0.07729049,0.03734781539809854
0,0.32143889332606757,0.6270432064503996,0.08353279643178672,0.39971152240884866,0.4300432,0.386894993690478
0,0.2640289557414652,0.19329746858043267,0.01462510529751489,0.3508014415400109,0.1315698,0.05651377789368058
0,0.07585190188204811,0.22783622126470263,0.011162369449255914,0.29155283814881977,0.067296185,0.03799163618509702
0,0.04795124425293195,0.12795664360089382,0.00865497002140638,0.29155283814881977,0.040397637,0.03190251373232093
0,0.30867235326970327,0.14081789943925568,0.10171510178561083,0.40576901054100883,0.27927613,0.17220802838622606
0,0.06740715176174886,0.2928590476051468,0.011708362890645292,0.2995300583086413,0.06038776,0.047576249693965754
0,0.7056164208146931,0.3229093717678716,0.2177546839680849,0.44262955328056663,0.5880937,0.5313619095147507
0,0.06220238267280272,0.011269035623262624,0.008009273893982354,0.22750913171715384,0.026466701,0.01577285353147772
0,0.06139624204934044,0.18350649961297444,0.009695157319532953,0.2935284059061342,0.04358535,0.04621096396243819
0,0.3180862505472705,0.41991937285575964,0.04801880857666469,0.376440373442018,0.17725265,0.16624748564616354
0,0.33155770853374267,0.3409906080205299,0.03262641608688125,0.3786836814548023,0.25240925,0.1505045200384227
0,0.07657185609796498,0.21208352635232341,0.01617646917010628,0.29155283814881977,0.07867438,0.05203092191340646
0,0.08112559595012456,0.15671023925780844,0.014024470362808102,0.2935284059061342,0.066139325,0.06281596590433085
0,0.6469571473914442,0.41365683885931337,0.08026019373785559,0.44262955328056663,0.49352857,0.4295346460007626
0,0.7702727628406835,0.6458820916237801,0.1886710187896965,0.49052681392237807,0.7584854,0.772640763033496
0,0.7742604572569093,0.6641319173615421,0.30849742456314133,0.49052681392237807,0.8237853,0.8338234192012915
0,0.11778696190325773,0.020933695346806117,0.012802721520606367,0.25238715443198584,0.04988719,0.027368937848449557
0,0.3866386714581889,0.20232468523223876,0.04014075885876149,0.3950820253489819,0.23529501,0.18503340843636024
0,0.11283800524285885,0.013560676244168764,0.012352577733038574,0.25238715443198584,0.045261182,0.024573802664953657
0,0.40723578348005823,0.019911473224606627,0.11579603416375701,0.3273870727592072,0.15013531,0.1451087319281959
0,0.10052546535486409,0.031106146245626336,0.009529951213959189,0.2734995042230193,0.040472735,0.021275539436158324
0,0.04268962540758899,0.004755053087153911,0.003210029092511721,0.1659682911984871,0.017309153,0.004851988275405404
0,0.09675522613501604,0.00034579857215373024,0.003226126126470411,0.2335605630338665,0.027899876,0.009228412625314205
0,0.03064653149657919,0.01168036398483371,0.004596413602492401,0.2042226111773245,0.0236946,0.01112647116863653
0,0.07385199290675792,0.013775053304205018,0.004533028621397704,0.20893830262032256,0.028973632,0.017129427206712088
0,0.07700951339776459,0.02731399174905513,0.007483867540784985,0.2042226111773245,0.046841837,0.01837593458905263
0,0.014394856975937271,0.0005518497792954498,0.001738149485326823,0.12251006765698415,0.013423758,0.005369911123454482
0,0.15774451695436933,0.03164367580052812,0.014884066114474221,0.2678200039319897,0.059839737,0.028258498544445298
0,0.03752362548924011,0.0005666671843432308,0.0012339122420311542,0.1256368297257863,0.0104829315,0.004728330290831494
0,0.40245603946385167,0.016029162391284924,0.0334065129085366,0.3824860548427328,0.27979657,0.1270043362415526
0,0.028888026029930777,0.00031902349549968754,0.0021381748300846673,0.12251006765698415,0.018620277,0.006228911521527914
0,0.04694595995681064,0.0003311912239201314,0.003566961058664379,0.15516078379867337,0.020704348,0.009398408705322504
0,0.6792543925549878,0.7553967218683114,0.45085513755784834,0.44546769967859456,0.67747235,0.7885422497633614
0,0.3856496429348823,0.15420050057792842,0.0376099865300202,0.3757137720720513,0.21839942,0.06807423940478896
0,0.11372696470932149,0.008809564293558109,0.012134673267654364,0.25238715443198584,0.04447029,0.02475415843240204
0,0.039342923304193034,0.000934668867693731,0.003267411724082322,0.15516078379867337,0.015847279,0.008395427245439907
0,0.017439935553273913,0.0004119945924351971,0.0019334795060330686,0.12251006765698415,0.01547414,0.005369911123454482
0,0.7439667800893356,0.4662845941944499,0.41236340602520255,0.44262955328056663,0.63018274,0.6370991674345603
0,0.011459363052596663,0.0002993168008051786,0.0017287020173222785,0.12251006765698415,0.014404279,0.005369911123454482
0,0.07614324539933567,0.008524877212584218,0.007017377595977935,0.23641387812107545,0.02824246,0.01259251374964081
0,0.07888709624709292,0.02722442845021187,0.005541320668031083,0.20893830262032256,0.037136793,0.01247540517346204
0,0.02925501995232442,0.00045268016780238034,0.0020772004072632157,0.12251006765698415,0.015464394,0.00602428842188203
0,0.03902326111455652,0.03071330065167403,0.004598488418997217,0.2042226111773245,0.023019664,0.01050032496532404
0,0.03691442802278622,0.014155154262866105,0.003853258911353944,0.20893830262032256,0.023655765,0.01050032496532404
0,0.04369954949277455,0.00019873907262558883,0.003778035562069677,0.15516078379867337,0.019882865,0.008470977748311974
0,0.17404596521199864,0.006816141339199873,0.029352246411497338,0.20577830998856164,0.107302584,0.08111475620802526
0,0.6901722986909684,0.5531003045236902,0.12072099039896782,0.44262955328056663,0.56338525,0.49306572183161296
0,0.47874931396444464,0.9716370761131424,0.06752990821594285,0.3824860548427328,0.42474142,0.1860406420309486
0,0.4293633594380888,0.08126425489785366,0.04951597701665215,0.33120246207641885,0.18688777,0.09623856464777733
0,0.035467404129121444,0.002238323624633135,0.004540057837977174,0.15516078379867337,0.024477115,0.011239122573814278
0,0.0324223255517848,0.00046508912395264916,0.004539585308675259,0.15516078379867337,0.022960873,0.009357896494810102
0,0.15362595173669244,0.028079090009771938,0.015117129384056302,0.25238715443198584,0.059067808,0.02582522401819112
0,0.11969298655084935,0.01331628611231945,0.013698369313145786,0.25238715443198584,0.063457616,0.02941830608964194
0,0.1088132244959566,0.009296278584448212,0.013644282221651047,0.25238715443198584,0.044530503,0.028717708921699846
0,0.030042005989740585,0.0035912118146587705,0.004489453455915147,0.15516078379867337,0.020012582,0.010957696225585366
0,0.0324223255517848,0.0013364442174548258,0.005216575925428133,0.15516078379867337,0.025889779,0.009357896494810102
0,0.049124947632155413,0.0008631705246499757,0.005408884775722134,0.15516078379867337,0.028738644,0.010227996478127098
0,0.11885228427966484,0.015883549277129563,0.010950505245624754,0.25238715443198584,0.04821227,0.029913408149085368
0,0.13315900931158825,0.0015229079389530724,0.0019176399151337633,0.24091177538813682,0.028714532,0.011159208520501592
0,0.8656565466085246,0.9405117758765557,0.619254033079959,0.5350250354030311,0.89400244,0.8883308624392025
0,0.15310726841362732,0.003585053293837503,0.013424454708118424,0.23875044836564902,0.040911984,0.027278128752788785
0,0.04595386516176205,0.0006280270708387206,0.003892541399075391,0.15896990420468932,0.021789575,0.013043683460774334
0,0.10048410817987305,0.006782233632404351,0.011096569000534346,0.25238715443198584,0.032755814,0.022142433507530153
0,0.05734056167550513,0.0013755516974894317,0.003838061646386019,0.15516078379867337,0.021440852,0.009869734623848863
0,0.08681045656720326,0.007266216661168456,0.011132564230186826,0.22750913171715384,0.04635775,0.015323911784000093
0,0.8111150621422903,0.24532976710315593,0.12895709797516475,0.4869355641614084,0.78009266,0.7938766829429008
0,0.19683765140633902,0.20644085234178883,0.03005745502227367,0.3512232981238447,0.12759012,0.13603350819124854
0,0.03760273224880862,0.001156008898674431,0.003685826225421688,0.15516078379867337,0.021639017,0.008974559466250967
0,0.1780783408794815,0.013457302968723031,0.00809326681195729,0.2956639233515817,0.05552804,0.03167078380430158
0,0.11372696470932149,0.008022379736992411,0.011386463253479815,0.25238715443198584,0.036398895,0.021503236842001335
0,0.029032050527189834,0.00967272003256551,0.00390967300864598,0.15516078379867337,0.015292332,0.008612285002904148
0,0.03455765367147198,0.0006248776178552947,0.0033242477846021985,0.15516078379867337,0.017839095,0.007757850637196465
0,0.1924728158088212,0.01745184617133142,0.009876335202053861,0.33728146198957726,0.074872315,0.046904479730079725
0,0.04865882971194969,0.0025713164717552418,0.005433819976359004,0.15896990420468932,0.021099973,0.012702587650815311
0,0.05162726967423623,0.0003667162164953222,0.004081101759194013,0.15516078379867337,0.019541642,0.008301203304690712
0,0.18764345729927645,0.20591446312116501,0.031843066300399764,0.3512232981238447,0.11974834,0.11331955671921448
0,0.5134424907334312,0.19570761099030748,0.02542384066835458,0.3950820253489819,0.28973076,0.3179579742192644
0,0.2479981856652071,0.205676269375116,0.04201829848561426,0.3512232981238447,0.14327358,0.11905977533237354
0,0.05321826762226066,0.0022326392719510604,0.007077466416035141,0.22750913171715384,0.024199992,0.0368963866429653
0,0.15880854672791286,0.0008417962943496596,0.0063794583161237905,0.25203789285431594,0.045381088,0.02712077604349941
0,0.24944711030798103,0.4209249082082841,0.0484896944383526,0.39282826618007716,0.22581962,0.2472125082395962
0,0.1055902634365639,0.017651087974632107,0.011438511715150812,0.25238715443198584,0.038314514,0.02078785852673916
0,0.07277212610289657,0.00290888187489239,0.006328367223913598,0.15896990420468932,0.029259654,0.015890322490554647
0,0.1405003908424533,0.04404799948281291,0.0051811409869132186,0.2122334501873491,0.036874197,0.014558758966545952
0,0.20725303316717317,0.2506820754744686,0.03869409264936105,0.3512232981238447,0.16107965,0.12212401099217726
0,0.04694595995681064,0.0003590926326978751,0.003566961058664379,0.15516078379867337,0.020704348,0.009398408705322504
0,0.12039873150192693,0.01718864756682855,0.012612493375093597,0.25238715443198584,0.049931046,0.02690578656452304
0,0.21568873623120993,0.024529057471066207,0.02568951546872457,0.3508014415400109,0.10953241,0.13017059867121486
0,0.16568833743589842,0.01264217452105522,0.028086092641174253,0.3282612662889062,0.09261761,0.058161302749570105
0,0.2116070481758136,0.14994552593486452,0.10338402110424451,0.3512232981238447,0.31583714,0.35986472313295986
0,0.12266148551522116,0.019070823967228288,0.015818724035887757,0.2578546372179126,0.07229975,0.0427334355546156
0,0.21647957317645036,0.014376403334217289,0.019290480143998395,0.2894094134765699,0.0779889,0.03762300713098602
0,0.21807704229422506,0.011519917018754806,0.009317615656846261,0.24091177538813682,0.040235486,0.014100413830037052
0,0.11885228427966484,0.015335159710514447,0.010052312474476454,0.25238715443198584,0.05063348,0.026132758593877543
0,0.31803159647194723,0.01966322076507745,0.024696722389118037,0.35903594907260034,0.12727109,0.055268853188116654
0,0.1294004006321844,0.0011491192592500833,0.0029844678435772456,0.2335605630338665,0.029947162,0.009675325626908975
0,0.2754607504794587,0.7709028345391452,0.025579162716821337,0.24665275571740383,0.07241926,0.022803914073745192
0,0.03345944480932813,0.0003885015589650313,0.003440032477668685,0.15516078379867337,0.01993312,0.008614443950135971
0,0.122872150760586,0.019843466416300835,0.014718386054038819,0.25238715443198584,0.054200724,0.026769078796904586
0,0.03629556950060993,0.01877517882196594,0.004557432349732335,0.15516078379867337,0.019855391,0.009474697838256984
0,0.0478198936486996,0.011581266619455207,0.005755145526770275,0.20893830262032256,0.03785566,0.015358010276911908
0,0.04206833969189316,0.009622919736532566,0.004926204935214083,0.2042226111773245,0.025195573,0.010995433352906325
0,0.04609799015265973,0.008773709862278833,0.00444162130769454,0.1256368297257863,0.017728942,0.006805000257622469
0,0.27137165479534536,0.5294504486170811,0.05213276358122686,0.39282826618007716,0.29533514,0.2301232955341236
0,0.15889236327687462,0.6236574879959186,0.021905441040797304,0.3296812712416288,0.14582002,0.07976826830645298
0,0.0500880845183585,0.00909229775212405,0.006312233261337072,0.2042226111773245,0.029139558,0.015142958752202057
0,0.0563051109611193,0.03304254093666592,0.0046361008010779815,0.2042226111773245,0.03337426,0.011864049489318362
0,0.19841049527879095,0.02323780299912466,0.0034063828084280484,0.20392182109513785,0.027335757,0.01606121868117868
0,0.10650812704611103,0.04349475364166792,0.007883263031752316,0.2734995042230193,0.06961225,0.029843105377015865
0,0.15219961630550372,0.044471750111167906,0.02693519719882528,0.2659184078646819,0.08820245,0.04706495520019385
0,0.21886595576982146,0.2570063425405271,0.032571226298882074,0.3512232981238447,0.14456077,0.1250009296936967
0,0.09694161865491661,0.005021473218982371,0.006649512838283428,0.2042226111773245,0.052011512,0.019694136096847194
0,0.645183174321715,0.4489525871494872,0.18275082528686964,0.4355434637181663,0.5828255,0.5338197048575682
0,0.026271737502360767,0.00245311106305457,0.004242299505398948,0.18293053234880133,0.018538116,0.014481095716201646
0,0.20953067491801947,0.20594820215358733,0.030385158458925185,0.3512232981238447,0.11761679,0.11455856409727413
0,0.037379218596242846,0.0005052503689069081,0.00306567527362009,0.15516078379867337,0.013655165,0.00849013407261766
0,0.05232709353383932,0.00995325552705977,0.005504905578518889,0.2042226111773245,0.029365618,0.013966107402224663
0,0.12042322784890848,0.020366111536940568,0.012481218506555444,0.25238715443198584,0.055045318,0.026389446326436437
0,0.3074391855296076,0.03511165022133288,0.02140614593471473,0.29536205702544965,0.14057103,0.046123585273541795
0,0.0500880845183585,0.0010738312935865706,0.004757333347902634,0.2042226111773245,0.032233763,0.013918377403116541
0,0.29676095497928967,0.6672957458227536,0.07807215920995206,0.39282826618007716,0.35849157,0.32335378743603777
0,0.09258649340577377,0.01576441664452573,0.0032337459245436063,0.20893830262032256,0.028416576,0.025171958369045823
0,0.11273343427221849,0.01625172539751815,0.0015450384430530503,0.20392182109513785,0.02241376,0.007702471953388904
0,0.02581161320662566,0.0314867754273773,0.0023181274842253123,0.12251006765698415,0.013156284,0.006896596384614589
0,0.07378196648964551,0.007550490120529376,0.009143118835612137,0.22750913171715384,0.03318231,0.01655579680160337
0,0.0657894501037328,0.018798807128245085,0.004691062809050229,0.20893830262032256,0.026714534,0.011794445496262934
0,0.6186168280366914,0.2708487771829468,0.12352456872964493,0.4732016485331687,0.5385305,0.4557022911623229
0,0.0441735472026307,0.0010522543038234639,0.004475580784204202,0.12251006765698415,0.02399494,0.01413059349027345
0,0.04336972824973486,0.000518419565690828,0.002540750165740176,0.20893830262032256,0.02841591,0.012358330845303361
0,0.12617021172112916,0.05760747294598452,0.007720740715410025,0.24164717622914456,0.07097485,0.034709468016003144
0,0.1425965424429266,0.01276398873425604,0.03021659203290451,0.25238715443198584,0.081151865,0.03045548547738968
0,0.10799066626704222,0.012999782323156092,0.006569583932479232,0.2042226111773245,0.05584701,0.017809934958480503
0,0.2354038236871575,0.34101463153251005,0.04221936376894426,0.3512232981238447,0.20200475,0.16854446070922474
0,0.09046023404732434,0.007492742569362603,0.007574601411236689,0.22750913171715384,0.03063197,0.017184701338349928
0,0.20167736084976398,0.05877643535116734,0.013873322352049461,0.3201250270444327,0.10976125,0.03974478114800796
0,0.2008671626439488,0.36046861604842756,0.016271162968899418,0.3201250270444327,0.11075957,0.040623759392270975
0,0.05571692096312761,0.003020566474973844,0.006435797028393553,0.20893830262032256,0.023936504,0.019891829890171814
0,0.047876928134874576,0.00920150451399674,0.0042261919931945,0.2042226111773245,0.02190534,0.011078750392891905
0,0.06239088635813836,0.015680186636362912,0.006067709911128118,0.2042226111773245,0.03688853,0.015431793411751653
0,0.057202336966636826,0.0006059446207956841,0.002114482460499005,0.1256368297257863,0.014496289,0.006284562227686524
0,0.15065096624802451,0.036362975044617996,0.01942546344991423,0.2578546372179126,0.07754282,0.04085334570165791
0,0.03592620419897458,0.0002726269383327246,0.0012816644915661342,0.1659682911984871,0.013049869,0.00753893229699004
0,0.09835719943646305,0.11142152481869745,0.008083052872939827,0.20893830262032256,0.035282418,0.024487097046831982
0,0.02925501995232442,0.000269743041860424,0.0020772004072632157,0.12251006765698415,0.016086746,0.00602428842188203
0,0.1365814586562364,0.003172291378802646,0.01308191427456228,0.3047103668490003,0.08879784,0.03314640105224163
0,0.13620164151586242,0.0452511605774871,0.018503537982856328,0.2734995042230193,0.111198515,0.03780975254893702
0,0.0823234716479232,0.02713356802507827,0.008150088209295353,0.20893830262032256,0.035904925,0.023024754965529366
0,0.052420668216788896,1.9285029690687753e-05,0.001464545344895206,0.1925181403957267,0.021970524,0.005444765535880941
0,0.16990613173141442,0.0025261049661757014,0.016388739605557232,0.2578546372179126,0.093167774,0.059183905790277394
0,0.07700951339776459,0.01926858903474059,0.007287400773471401,0.2042226111773245,0.040061988,0.019058967547335468
0,0.6772312150782736,0.7915677317551953,0.27078513867430154,0.44546769967859456,0.6875454,0.7087454143861565
0,0.07635952258157369,0.005576691773802032,0.004858644428983782,0.24164717622914456,0.024122749,0.015775819721883206
0,0.07598191144276421,0.030785373239018546,0.003962650872463224,0.20893830262032256,0.026123488,0.017720366232809176
0,0.24942981843874665,0.3348044619339248,0.06714606146460998,0.36971104672206595,0.19347623,0.1312234715033916
0,0.1715774612705665,0.0031112060983832204,0.009791817933443891,0.21682342902630844,0.045086026,0.008288694637353397
0,0.19735798111404987,0.1748136741206786,0.029885051965169974,0.3512232981238447,0.10209666,0.10299859401961603
0,0.049463018253563786,0.0018292867778607112,0.0035565488762549628,0.1441543623932583,0.015745407,0.006819048335864928
0,0.05060646618642178,0.0085525745746571,0.0056004236709683705,0.1441543623932583,0.023150962,0.007074092697809641
0,0.1382557665423601,0.05710571999458134,0.01901246553743705,0.3133853274342834,0.10967916,0.05336878396664276
0,0.0562046124810604,0.0007245753452912196,0.012726720169212013,0.12251006765698415,0.04011378,0.029411019007055363
0,0.10321101877975071,0.054517920409325495,0.008696804807097377,0.2042226111773245,0.069989175,0.022105124650120052
0,0.0814596787967293,0.024577897999658913,0.009219007618106321,0.2042226111773245,0.053420678,0.020447130066628436
0,0.11350195102739015,0.011538044774956322,0.0048119254737218654,0.24164717622914456,0.037650805,0.027006024085090025
0,0.03864140534415642,0.02047678393865848,0.0049472366230037725,0.2042226111773245,0.02582195,0.01050032496532404
0,0.06060350345984461,0.0015158837742439135,0.003937653249588397,0.15516078379867337,0.022113351,0.008881174161746892
0,0.030798565126020114,0.0011696406729725065,0.0029777988673836803,0.1659682911984871,0.01728414,0.006681769290707189
0,0.057134714817381284,0.005048524293030199,0.008892298727741983,0.2042226111773245,0.043979205,0.01815436619147318
0,0.08811927582748222,0.024909321065929524,0.009805256515175864,0.2042226111773245,0.08776932,0.025648239584731784
0,0.011826356974990307,0.00035670718248326304,0.0016502622331581397,0.12251006765698415,0.011673865,0.004728330290831494
0,0.7444987794762022,0.697071638285848,0.3110400798159338,0.47975069729271996,0.7680949,0.622893801644791
0,0.11641372001874291,0.027321334677414193,0.009521883303770913,0.2734995042230193,0.062065776,0.020563007443876593
0,0.7882573628669589,0.9100125474457345,0.6185179278714512,0.49831129915260314,0.8155672,0.8255927126806643
0,0.04983001217595743,0.04715714487363761,0.005251548758309788,0.12251006765698415,0.025734544,0.007839999171040848
0,0.05651280288696602,0.006584769454073224,0.0073891086410880664,0.2042226111773245,0.05844588,0.01641300339935063
0,0.13691923568190636,0.1905434067199545,0.01396818247051892,0.3133853274342834,0.12568404,0.040919264796831056
0,0.028888026029930777,0.0011413503316170658,0.0022678359780263684,0.12251006765698415,0.019367134,0.006228911521527914
0,0.028888026029930777,0.00026267027204075733,0.00245010720347616,0.12251006765698415,0.01930736,0.006523943311227591
0,0.6900101186423199,0.7812464844736908,0.44050679678896976,0.44546769967859456,0.71630293,0.7731781336409301
0,0.08973631899240928,0.005348668321098851,0.0066782645794080326,0.23641387812107545,0.036801625,0.013945327128669712
0,0.10745987536504538,4.4883555685848126e-06,0.0010566857250603762,0.1989128178145622,0.023530116,0.007702471953388904
0,0.04749507236447448,0.004118012478087724,0.004880213696637139,0.2042226111773245,0.024226202,0.011427094899561408
0,0.4333333973190063,0.13937907992642842,0.12008402847887853,0.37515791563789846,0.29891,0.16613534837640087
0,0.19963277693358145,0.010729337577049441,0.012506657140796733,0.3201250270444327,0.07952238,0.06342196517645611
0,0.04206833969189316,0.009404889053724766,0.0044298763610036975,0.2042226111773245,0.02639765,0.011019561689411659
0,0.10586071091893577,0.006133815870445384,0.010997657574191994,0.2678200039319897,0.03461388,0.0212301101382752
0,0.2561676384530902,0.03080933514649497,0.04050392170845143,0.301690593561305,0.0842594,0.06241168653650066
0,0.18847501263380803,0.003882185388457678,0.018933223235121203,0.3133853274342834,0.08199104,0.047676977365372165
0,0.17052188189765782,0.0012626879642406528,0.007155839604994105,0.3201250270444327,0.09451495,0.04592531558266299
0,0.026379383654511833,4.803416025650612e-05,0.002406195968232607,0.12251006765698415,0.011860859,0.006553456563719264
0,0.044111106934292266,0.006493070090812742,0.006562427206403249,0.23641387812107545,0.02591201,0.01259251374964081
0,0.10052546535486409,0.0004767068638070302,0.00528193908623228,0.2734995042230193,0.04250548,0.023615238753964006
0,0.16736108015243734,0.09852477944027928,0.01635138535167394,0.3201250270444327,0.10474441,0.03871688566888312
0,0.07969327183061144,0.006875945605602416,0.006565823789553172,0.24164717622914456,0.030206848,0.01798254273340152
0,0.1410737115493296,0.02019994505055881,0.025495712853710842,0.20577830998856164,0.066210076,0.05825714294297994
0,0.12929512502546983,0.0007983221280782955,0.016966038187672196,0.2122334501873491,0.038109206,0.01970861740152491
0,0.06239088635813836,0.008257971773497677,0.006612249125016032,0.2042226111773245,0.035100285,0.016155632532301487
0,0.7506760426504584,0.8408668236478032,0.4189400495015381,0.49831129915260314,0.7276855,0.7710124868191761
0,0.05405827716104437,0.00010927404277084306,0.0022006790970246454,0.2042226111773245,0.028403353,0.013701284414214457
0,0.1571142588967603,0.025715456062509197,0.04594996697485508,0.2678200039319897,0.08828284,0.04261577361132312
0,0.3906922152815563,0.006245456348865648,0.021750171620349253,0.3248605124270356,0.09376264,0.04372103157074422
0,0.04575443543715453,0.0018801376062428266,0.004876043080487792,0.1477405319808807,0.015470407,0.005486680391237032
0,0.11454868317560427,0.006042554515879149,0.011438511715150812,0.25238715443198584,0.042868864,0.021230959132369356
0,0.019468564899923473,0.0012048959793807554,0.001751373380445022,0.1256368297257863,0.010930289,0.0050526542051916295
0,0.08929113008616094,0.027460523879563926,0.021466224680814185,0.2042226111773245,0.04621672,0.04298169806986143
0,0.06510801800723201,0.0019665995601269733,0.006431297488969351,0.15896990420468932,0.030751804,0.013163668974826532
0,0.11982648569643414,0.004391357547701742,0.0128111842083341,0.1659682911984871,0.03878616,0.018470818293386822
0,0.012208212745390403,0.0002488810168546272,0.001565634070361387,0.12251006765698415,0.011292976,0.004958199987889499
0,0.09076026962874684,0.014056583655188425,0.00655688157983258,0.2042226111773245,0.04746918,0.016535505116245353
0,0.08532162635194826,0.00010232966163498401,0.006563992774578885,0.15516078379867337,0.019276695,0.017307449168511024
0,0.6965145862057834,0.5096424507276031,0.3294760565401002,0.44262955328056663,0.6126391,0.6350085050611732
0,0.09873262357096191,0.2953912616145769,0.004838907526710218,0.1989128178145622,0.024887057,0.008101445583679636
0,0.5305597495425082,0.19986075025930342,0.06140947728444493,0.4355434637181663,0.3149331,0.25200675861950445
0,0.1255189239303128,0.009110075371597998,0.01730911352912425,0.25238715443198584,0.036349315,0.02103178260310873
0,0.01405021862668911,0.0002493983119365653,0.0017303654539140684,0.1477405319808807,0.01157349,0.00468489084318568
0,0.346226464021762,0.00689912141090854,0.004991316149261903,0.3757137720720513,0.12989457,0.03550371392195355
0,0.5628565585452338,0.12597946912122276,0.06663411437725072,0.4355434637181663,0.34570682,0.2539493315907206
0,0.12704648432416982,0.013931161516949347,0.008876734981027189,0.2122334501873491,0.03164471,0.018598654560691392
0,0.5715084001419642,0.17902072245802164,0.11208468093423346,0.4833388769647488,0.47303405,0.40429411977801893
0,0.028888026029930777,0.0002181196697607753,0.0031787700635675167,0.12251006765698415,0.02100766,0.006228911521527914
0,0.1271234136433211,0.005839215900196428,0.015668839323868845,0.25238715443198584,0.05156882,0.023489346643148043
0,0.17596134695809912,0.005917135567327199,0.008272444972144282,0.33728146198957726,0.0899908,0.03394002573080507
0,0.48349445245777767,0.6860297640544872,0.06787016682615721,0.37515791563789846,0.46859416,0.24247037605128033
0,0.22372461155078302,0.011713106715362492,0.016228504236344365,0.2326053590643147,0.06169518,0.029036718874966512
0,0.3136370852528265,0.08723345524176294,0.043274307431488086,0.3508014415400109,0.15224609,0.07350425208236447
0,0.5998535427982109,0.4251493955910752,0.1728272205448339,0.4355434637181663,0.45692614,0.39831318549733546
0,0.08839197561132582,0.006954716972348755,0.012813330697295615,0.22750913171715384,0.040277027,0.01601680172624612
0,0.5476610924882754,0.9952056816853474,0.15153846097690474,0.43256416293512245,0.6084896,0.6900675014972029
0,0.07633209075266156,0.018451993428544648,0.0068272377743938285,0.18436161200379395,0.02871356,0.010956364644181926
0,0.11219780421128042,0.2865144633539354,0.01073326062313167,0.2995300583086413,0.0686964,0.05082159387792081
0,0.0636843595172764,0.0011618953924639175,0.004163380352057207,0.24191299204017633,0.037281953,0.011459905792840237
0,0.18608020932584818,0.08097741613260812,0.012403732000917073,0.286733302091762,0.09831472,0.034673562354875787
0,0.22915377087538705,0.022269534453799422,0.017944307285866275,0.2677651535016252,0.12313069,0.037059830460540066
0,0.18870894512870762,0.18530979870676587,0.026669092469982076,0.3512232981238447,0.1098397,0.1033214196771131
0,0.3055441342785841,0.343882947840836,0.06369820633162616,0.3578071489530437,0.28251922,0.26657977396134097
0,0.035720179788712475,0.003994875778806234,0.0035739245043236896,0.18436161200379395,0.019855244,0.009801008170244367
0,0.08431979078549459,0.11601249133256432,0.015906530218034832,0.2935284059061342,0.07054937,0.05007012753456124
0,0.7388224577811513,0.6441661074768708,0.3522486935973328,0.49052681392237807,0.70205915,0.7495764229561684
0,0.06319637511427717,0.04795951499614853,0.007878941085419559,0.18436161200379395,0.029537225,0.013517867239491303
0,0.2001874472100174,0.21044480486259876,0.03117746556898086,0.3512232981238447,0.10873999,0.11455856409727413
0,0.6710644218078834,0.462755355830323,0.13761524884008447,0.4833388769647488,0.5866682,0.48943753768549625
0,0.06739806254917992,0.16982273420295727,0.009696990252857847,0.22750913171715384,0.030822644,0.019009146292696275
0,0.10841369331078195,0.024097912998387285,0.008959366426033871,0.2935284059061342,0.06354874,0.055649668124873944
0,0.3084905300687368,0.05010088948939689,0.023673744474027883,0.3786836814548023,0.1951042,0.1615431091020309
0,0.05458774807936091,0.004577322304784183,0.008749322755444038,0.22750913171715384,0.026507,0.016941336591684113
0,0.16097447363526154,0.35594567339580957,0.011858985804341637,0.2995300583086413,0.076905385,0.0699349872547657
0,0.169692470433985,0.017520945502578385,0.010689481608577722,0.2677651535016252,0.056356728,0.025542437491646534
0,0.0844522532251999,0.2809421949772127,0.01810193260187611,0.2935284059061342,0.08382077,0.04700968839266084
0,0.26641274142210736,0.38463890500336306,0.05342944938170034,0.3508014415400109,0.14392844,0.10630801967665279
0,0.4621482503083344,0.4024346633510691,0.17545875813167744,0.3578071489530437,0.3460346,0.45719171009413934
0,0.4773062801283465,0.14799846562754995,0.0718038771208083,0.4019786275412789,0.2954643,0.3041637037073691
0,0.06739806254917992,0.006383283984802609,0.01486491713148889,0.22750913171715384,0.031095564,0.019989331368840662
0,0.062148474338428954,0.007452110195321622,0.009492312668156812,0.22750913171715384,0.025695173,0.016885431250371487
0,0.30689122872065505,0.38052839590633386,0.05052654720618211,0.3719381726674523,0.21239232,0.13475930814737885
0,0.7844259263844076,0.6841990679106323,0.27996372359384963,0.49052681392237807,0.80359155,0.8033424284593671
0,0.1995403959222665,0.10450412034580853,0.028083343081883056,0.3512232981238447,0.10096884,0.09807918574835894
0,0.28164384113799673,0.0009791737524683936,0.00793304696319079,0.34374243598210175,0.12714797,0.09691239225583445
0,0.1981044825151483,0.07827553040550636,0.019978759174961305,0.2838029377737529,0.08172323,0.030474021842945957
0,0.17379022278409675,0.131426751206392,0.048837756625217,0.2719663306867424,0.083263405,0.05765858705086422
0,0.20152123260889623,0.28119185885147163,0.017024940236677184,0.2659184078646819,0.10438238,0.04596474157192552
0,0.08105773780662635,0.2464161295283916,0.02482297082002353,0.2493744087062469,0.06567699,0.02034373323983662
0,0.36859187755964096,0.3300857643571591,0.06470297448108246,0.3578071489530437,0.28427607,0.26775668431066
0,0.8701959017816873,0.9403138969551651,0.5214693626134226,0.5350250354030311,0.90493,0.9129122991283304
0,0.056140362605111384,0.07926473545541625,0.014207382241953061,0.21914888307637678,0.030854024,0.014683256834410052
0,0.1983793526465066,0.25134464460434075,0.014027401551292016,0.3292721570178574,0.13773258,0.02243577160646121
0,0.7772626498308823,0.9745207599421933,0.17747192987595792,0.49831129915260314,0.7687155,0.6002693727409847
0,0.5359061259786346,0.41231484854870043,0.32652531252194283,0.4019786275412789,0.6503439,0.5378460032984487
0,0.06351444999566219,0.17263261345430303,0.01350330013592991,0.2935284059061342,0.07043146,0.0503427052244014
0,0.308096472333681,0.05176019907845495,0.0012497185886980605,0.3508014415400109,0.111192234,0.05746624270592721
0,0.07133443084194989,0.21182998630714414,0.015544687149109051,0.29155283814881977,0.07741643,0.04548670837925187
0,0.07489163426809352,0.2728246222981982,0.004551725266543428,0.21268022556102942,0.033805903,0.015361176904103884
0,0.25362623073120993,0.22512235508350675,0.034526456439786246,0.3512232981238447,0.13005544,0.11377822531950856
0,0.7439667800893356,0.6464914225517656,0.13998586100305901,0.44262955328056663,0.60826254,0.5984229384213238
0,0.33380575035474747,0.7686463412249871,0.09235365439197114,0.3813923720496755,0.31796312,0.22551990470820443
0,0.7640326959653561,0.5652046273389995,0.13937339445023658,0.4803789988376184,0.68194485,0.6986944570633051
0,0.18769726534361172,0.019825313598687652,0.0137862897987927,0.2326053590643147,0.05168851,0.021762370084381345
0,0.35443058562605245,0.7953109871876988,0.0075305794997901415,0.3508014415400109,0.15685081,0.17553110340627506
0,0.17433412365436537,0.159072598048433,0.01070933360167164,0.2847850324675143,0.08241417,0.028093250239247025
0,0.4686975123926624,0.43251187186700446,0.15158315012133186,0.39971152240884866,0.5178782,0.6879449693598201
0,0.3092525233843746,0.25978685498268916,0.08312129083612114,0.3754137946002172,0.17154191,0.10371402097545794
0,0.4056933124939903,0.46782568593095586,0.13543759546005146,0.3578071489530437,0.23786737,0.3101696054185058
0,0.04501271076607152,0.013358327336573932,0.003389180855491764,0.18872745861079573,0.028698443,0.010608585565697666
0,0.21480827389932095,0.35807810084063807,0.01864726312646183,0.2995300583086413,0.1434919,0.16824993908672903
0,0.20862035267089282,0.33790519388919804,0.0467128840482478,0.3512232981238447,0.16285038,0.1278164718375127
0,0.870379732816785,0.9414971080977802,0.7867086893338907,0.5427633777462125,0.9300471,0.9200338615673238
0,0.09164512081046318,0.26546412321724705,0.01706627999043845,0.2935284059061342,0.095400155,0.06359726238772322
0,0.08961556878566364,0.06535008699946264,0.005127809402451849,0.18293053234880133,0.022544026,0.013625060320765598
0,0.1549133683389644,0.02622281583213947,0.014386510648805629,0.3338903502659587,0.09424211,0.06466208649047823
0,0.2136956746139446,0.2140372509556356,0.042945434916096356,0.3512232981238447,0.17316489,0.11145509754447955
0,0.11523161076999124,0.05443861598537578,0.01645890502531565,0.2603399224237415,0.06277508,0.03215751963983856
0,0.8701959017816873,0.9219909799412096,0.29449513058017873,0.5350250354030311,0.8730368,0.8872593246298752
0,0.07185731716071359,0.30883670206773284,0.015129878315597426,0.2995300583086413,0.07348003,0.05432475850396119
0,0.1599847582900346,0.5177288437987999,0.017365921162722057,0.3317941981311603,0.1420328,0.10693087344475555
0,0.2192284765074413,0.25637430111605547,0.013716840888830916,0.3292721570178574,0.14357549,0.03280084750095744
0,0.09721300428130891,0.18625036160182903,0.009978076263903993,0.2935284059061342,0.06794435,0.050762380978793514
0,0.4545676870507142,0.46981720746590355,0.18248696044112525,0.4695523068793712,0.678814,0.5742731047320092
0,0.553041901418196,0.21592955410937226,0.06593670647882335,0.4355434637181663,0.32801014,0.2504825592502054
0,0.07426843559849454,0.011710324277485046,0.009677064184067798,0.2326053590643147,0.0296771,0.021964233331223132
0,0.05998369825436289,0.02669352602671942,0.003406989166003144,0.21268022556102942,0.040089827,0.014018009788849003
0,0.05947237589477747,0.19257601176324496,0.01311561319225553,0.29155283814881977,0.06540866,0.0478024008462683
0,0.3375134886968036,0.0017980423891360072,0.01846171982652154,0.3508014415400109,0.14741185,0.14038054702590172
0,0.7439667800893356,0.4818021334317074,0.3132201855833498,0.44262955328056663,0.5618829,0.6355898445632098
0,0.26149980278127294,0.7962274668839743,0.01341841196506603,0.33463669923624495,0.103391826,0.0709946268717197
0,0.5104612835904743,0.35365365138036686,0.05522304646774655,0.468961908845702,0.6474201,0.537095268909828
0,0.22902227040265657,0.023379514647024355,0.011146593735856651,0.2677651535016252,0.061674427,0.04509618709628423
0,0.7514608206438348,0.9066219443856546,0.36032500054742683,0.49831129915260314,0.7618328,0.7668805408136433
1,0.8862616932569436,0.9951183216683056,0.9686660443848882,0.5427633777462125,0.938327,0.9408038732477901
1,0.8974367991961132,0.999994336401727,0.9321387499320115,0.5427633777462125,0.94052285,0.9582306035154794
1,0.7781858595090801,0.7638246288404141,0.7035153198864148,0.49052681392237807,0.7648053,0.7759898545662988
1,0.721361095010213,0.5664892947351482,0.5259671732561095,0.44262955328056663,0.64293224,0.5967829724662121
1,0.9017704855895016,0.998388576907865,0.9844284597639342,0.5427633777462125,0.9557886,0.9614607603055108
1,0.6726389708412871,0.6921005497494978,0.47329791057930676,0.43837190951369853,0.6313261,0.6871922425838872
1,0.4626335505126455,0.9913189500495788,0.9179725394380748,0.3508014415400109,0.45263526,0.8647149274507877
1,0.8531564826759563,0.8081706487348674,0.8520575190345824,0.5350250354030311,0.89403826,0.9089988091211982
1,0.6899499176893217,0.513345726305336,0.5592957507736745,0.4355434637181663,0.68444836,0.5877657880693853
1,0.811716675501113,0.8935077237340344,0.8684505750006143,0.5356147166562373,0.8733079,0.8829353636244974
1,0.7893855669173512,0.9943004607560765,0.9163948498848836,0.49831129915260314,0.8947366,0.9013094337630145
1,0.891237935590588,0.9997670672518753,0.9565903176714837,0.5427633777462125,0.9438271,0.9343655111060241
1,0.4445472560900252,0.32266475805534484,0.31330841004317583,0.417921583859335,0.5184825,0.5638534353195929
1,0.8118691479970006,0.9885725936477662,0.9721459608401808,0.506092923465968,0.9638494,0.9746276386261522
1,0.793239509104598,0.8110492404719426,0.8017387270038165,0.49831129915260314,0.8292706,0.8178462445995242
1,0.6361478645504427,0.27639801790385365,0.7550948862947588,0.4833388769647488,0.7978113,0.8315164366349495
1,0.8554587901060552,0.8454776675166351,0.84487154277603,0.5350250354030311,0.89674747,0.9254530515453582
1,0.8439116968765613,0.8388306692568378,0.897907887860546,0.5350250354030311,0.8942585,0.9406828043666751
1,0.8974367991961132,0.9991315521418085,0.9787178621427822,0.5427633777462125,0.95088387,0.9632170632708082
1,0.8637695178033374,0.9601961991304769,0.8302970804393454,0.5427633777462125,0.92252314,0.9352747472843985
1,0.7103948827107931,0.9368996166808008,0.9208952414063292,0.49111557373170367,0.9146766,0.9517994303453775
1,0.8454771726260101,0.5905082143230129,0.7855608153331157,0.4869355641614084,0.8409711,0.8573391715286871
1,0.8182529077276075,0.6446855215985355,0.9125273075115911,0.4875241382692533,0.9077342,0.950290451168856
1,0.7949057838020388,0.8673622034592984,0.8896444645004943,0.4983076189775541,0.92524457,0.9571105766306909
1,0.8860436869652826,0.9896544066151634,0.9109901907442114,0.5427633777462125,0.930896,0.9504336066547479
1,0.8311548726367951,0.8394430129386565,0.9375003686411888,0.47975069729271996,0.89118624,0.8318273185843699
1,0.8118691479970006,0.9881783954744872,0.9824405378271797,0.506092923465968,0.95613194,0.9746276386261522
1,0.7622352344894656,0.5931180826225209,0.6142404368975273,0.4803789988376184,0.7678624,0.807668878687621
1,0.8450189831136145,0.8330674207575962,0.8510573369978419,0.5278606318213541,0.8803582,0.8906489724519687
1,0.8553327563919148,0.9119823092283349,0.8617184244739833,0.5427633777462125,0.9136115,0.9149729462525035
1,0.8629466947393053,0.9357290782813099,0.9655810108323014,0.49471471905181946,0.9523065,0.9725593823845461
1,0.6102839628786529,0.6007186809555453,0.6493767899018495,0.43837190951369853,0.5631494,0.7022823635474171
1,0.7562044945485915,0.7705773088460273,0.6719690126306896,0.49831129915260314,0.84497863,0.8100139353611886
1,0.8823147877239218,0.9972791157427257,0.9188277830071575,0.5427633777462125,0.93306416,0.9382469999477162
1,0.8300107000837403,0.8122376028451753,0.9589383404670119,0.4983076189775541,0.9414472,0.9706814811115202
1,0.8391868744102264,0.9733566660442929,0.9858765049195772,0.506092923465968,0.948497,0.9725624121430589
1,0.8185592838215642,0.9635830998100596,0.939132996175967,0.4983076189775541,0.9287972,0.9636515958812785
1,0.7313672927623762,0.4039573750725773,0.7296486254495457,0.49831129915260314,0.76337874,0.7585518548803845
1,0.682010199325185,0.9677578704436938,0.9486249163596737,0.49111925278734225,0.8320774,0.8727415902469783
1,0.8886091782887479,0.9521261023782619,0.9405620029026039,0.5427633777462125,0.93362004,0.9353246073467596
1,0.8779283336047676,0.9681351074574217,0.8942747081513369,0.5350250354030311,0.9284301,0.9170749830415252
1,0.31234202521697757,0.6225357500155665,0.48526192620552805,0.35834865631456525,0.5574548,0.79517404452219
1,0.8064293659755017,0.9718389697642669,0.8823391209829409,0.4503221492160742,0.93038756,0.9460686714447356
1,0.8018924274876211,0.99403252189433,0.9893358231722109,0.506092923465968,0.94439626,0.9810693197114749
1,0.5271980067149976,0.7405180258365155,0.7765454608514555,0.40254508114955295,0.7212449,0.9168805855274814
1,0.8929299223322915,0.9256875828492588,0.9328691795466458,0.5427633777462125,0.9195689,0.9318155507192835
1,0.7738646525588778,0.9754634646331884,0.9180428975342544,0.49831129915260314,0.8902957,0.9135504745596321
1,0.8342047281725873,0.9760509507975987,0.9673459906620097,0.506092923465968,0.95021486,0.9800768791095729
1,0.6759527245528115,0.4215125487114917,0.41517538885480976,0.4732016485331687,0.60716677,0.6948016487364265
1,0.8763139452769926,0.9995286478627667,0.9925845258761934,0.49471471905181946,0.95218956,0.9670224654738354
1,0.24124596965731004,0.15806212384987592,0.2486076862312262,0.3578071489530437,0.40671235,0.546373184828875
1,0.8379921439773541,0.9490617134032076,0.9519103274967456,0.5356147166562373,0.9207602,0.8909420172334416
1,0.9190778011703231,0.999974592055672,0.9981602809895597,0.5504774952838661,0.986246,0.9926938736291263
1,0.19895164473187088,0.14659995107165188,0.2710892302968579,0.2935284059061342,0.27808428,0.5025504817886233
1,0.7513394556264147,0.6540352521977719,0.46932952825788316,0.49052681392237807,0.79254556,0.7702910986846555
1,0.6095299690426553,0.9999999904933276,0.8496077432104159,0.4743437017972557,0.7492699,0.7921502163977978
1,0.8455502266139827,0.9648137006098619,0.945688945148429,0.5249051040580044,0.9108054,0.9301717721710684
1,0.8929441388633146,0.9592842054416483,0.9232775024743517,0.5427633777462125,0.9382474,0.9479774528721816
1,0.8811066189785387,0.91234104435078,0.973546589370036,0.49471471905181946,0.95152247,0.9769544699366207
1,0.8643552215980326,0.8322122872910077,0.8616627425084732,0.4869355641614084,0.84790933,0.8904689933307136
1,0.8543320620339016,0.8428321859224083,0.5789671401130325,0.4869355641614084,0.81705505,0.8208177688601135
1,0.7294906511481163,0.48380720213641726,0.2940383563810959,0.44262955328056663,0.6476076,0.6226878486168923
1,0.7984933679455437,0.8721671107963733,0.9192040385463234,0.4503221492160742,0.92718554,0.9511470047814671
1,0.7351019482190368,0.8446324574982075,0.881776106580217,0.4809670771489889,0.9030575,0.9655019143599172
1,0.6607208305543477,0.7098642223756891,0.7182694063535945,0.409483772348334,0.79940575,0.8999882429119385
1,0.8970318648969756,0.9994817264849714,0.9755407900710529,0.5504774952838661,0.9720951,0.9648932563933567
1,0.6979412688240094,0.4903252685391389,0.45025318160193323,0.44262955328056663,0.5992804,0.62866089704074
1,0.7429484342124921,0.9383414880200466,0.9125047415715345,0.49111925278734225,0.8554226,0.8748115128365467
1,0.8337038105339246,0.9009300058466143,0.9637559800527322,0.506092923465968,0.94112074,0.967125000120356
1,0.8364851271286784,0.975613127365968,0.9579895402108761,0.506092923465968,0.9447323,0.9695502574628978
1,0.7680865036891076,0.9537909842550216,0.9765228822338955,0.4531695169738208,0.9226026,0.9766288714071116
1,0.3286785136320433,0.5293065753047447,0.5536887078110241,0.35834865631456525,0.58965766,0.8137099158570128
1,0.2647238440164784,0.8616290918753249,0.6833865967520485,0.3000245732847404,0.49248874,0.8886533240399472
1,0.793239509104598,0.890898942139698,0.7345817140279874,0.49831129915260314,0.7770912,0.789826268807692
1,0.9099925469372246,0.9998599850035073,0.9938018178595016,0.5504774952838661,0.9790046,0.9828042700696932
1,0.7893369320822277,0.7458284310338653,0.7697921857820667,0.4869355641614084,0.8190462,0.8399687976641895
1,0.8775467652546414,0.9999045452996145,0.8603561107071992,0.5427633777462125,0.933969,0.9249774432736954
1,0.8353971578077618,0.9252129223613376,0.7893545797836446,0.5427633777462125,0.9139793,0.8883842131956953
1,0.8826175446596093,0.8273779472278187,0.9467092271798039,0.4869355641614084,0.92709184,0.9120311964725664
1,0.6545638987862452,0.9236861200400929,0.7325503077838822,0.47672439580088605,0.7686566,0.8302619142486135
1,0.8841834602480936,0.8678979875325058,0.9623945166914186,0.4869355641614084,0.92892295,0.940176389745727
1,0.8948849171984423,0.9603634221933508,0.9645562549706794,0.5427633777462125,0.95854723,0.9432061678875496
1,0.6843782056172759,0.7265214417065964,0.5182291804883692,0.44546769967859456,0.70918494,0.822582910270639
1,0.8776280669878672,0.9251164960752231,0.8642663846320922,0.5427633777462125,0.9223875,0.9339927513219258
1,0.83000916319196,0.5864464001947471,0.8318897339564748,0.4869355641614084,0.8089314,0.9348121929367088
1,0.9099305785371529,0.9911388622485041,0.9882036580670883,0.5504774952838661,0.97597754,0.985979637679896
1,0.8929299223322915,0.9624482479244282,0.9530782231646303,0.5427633777462125,0.92886996,0.9322122447646282
1,0.89226792250238,0.9987623587017694,0.9517173363134496,0.5427633777462125,0.93356043,0.9055586989726964
1,0.7662225723821728,0.9624885771271587,0.950139723957467,0.4531695169738208,0.9234976,0.9630567256420577
1,0.8551626894599245,0.9999967843629869,0.9827611792744229,0.506092923465968,0.9650967,0.9762704351174846
1,0.7054954311166926,0.9976610787978649,0.9651275137825456,0.44604972682846816,0.8840951,0.9562873979475626
1,0.8353273410627159,0.9868529523688887,0.9531172378428086,0.4983076189775541,0.9463204,0.9764935660772461
1,0.47458831633753407,0.9960872593910375,0.8671613524277418,0.4072031610870578,0.7989359,0.906878121101617
1,0.8185592838215642,0.8460089298846838,0.8611754406605662,0.48815306788465873,0.922444,0.9641772210835174
1,0.9058404733908278,0.959160412533659,0.954694274681264,0.5504774952838661,0.9559921,0.9773907327783387
1,0.2494302381447801,0.2981553230034855,0.14946576963381436,0.3512232981238447,0.25335297,0.21469479515287923
1,0.6904230156724656,0.7491770663865068,0.5363144117514737,0.44546769967859456,0.716901,0.8276482360617847
1,0.8246783319376226,0.9627207768795027,0.9211187282997778,0.506092923465968,0.94743145,0.9631373889870025
1,0.7242731608652305,0.5664300251349782,0.4353679670160753,0.44262955328056663,0.6852583,0.6565097528485114
1,0.7816273398829995,0.6254321920894511,0.6366885196134761,0.49052681392237807,0.76764554,0.7992435322128275
1,0.7574924000157576,0.606030488204767,0.49041485775151006,0.4803789988376184,0.72242135,0.7698856732571874
1,0.7701759236208234,0.6266617621322106,0.7673274962435862,0.49052681392237807,0.7720921,0.8320528420292332
1,0.5438728333875656,0.3874411259245274,0.14308069193508763,0.4019786275412789,0.4812082,0.4393975646241948
1,0.6885668310564479,0.40738758640229317,0.3346578455563034,0.44262955328056663,0.55594313,0.6259839818801011
1,0.7701759236208234,0.5631885127539765,0.6035220052906202,0.4803789988376184,0.808298,0.842022882366959
1,0.7818789699592645,0.7748740631177857,0.7582425715596547,0.49831129915260314,0.78121364,0.8050916541583941
1,0.7791401390667739,0.8171955561821159,0.6640236900304718,0.49831129915260314,0.77360106,0.8169191136614986
1,0.7776325332812744,0.8726031574788139,0.859211876883088,0.49831129915260314,0.7524058,0.8067199597615223
1,0.5287027239796998,0.4837370901389343,0.4459002610524563,0.3578071489530437,0.36903784,0.5975893774865161
1,0.8364055578154727,0.9665731007176758,0.9763260230203661,0.506092923465968,0.93807656,0.9708674183839927
1,0.702391545326976,0.8298972236927054,0.789210059230438,0.44546769967859456,0.8053762,0.8400072865308926
1,0.892345669898862,0.9706285211772245,0.8297324980969888,0.5427633777462125,0.92439276,0.8912088363114156
1,0.8796487829672963,0.8940912531991687,0.912542205025018,0.4869355641614084,0.896313,0.9013263399768189
1,0.7141826747240038,0.5897943254402003,0.6881410848576145,0.44262955328056663,0.68321526,0.6567451389055792
1,0.8426283547841458,0.9949343466891584,0.9578547053246986,0.506092923465968,0.9450913,0.9743530122513085
1,0.7966809894785173,0.6202791279975749,0.6338139275267056,0.49831129915260314,0.7836476,0.8230015891732448
1,0.793239509104598,0.8524295250385716,0.8496664916113175,0.49831129915260314,0.80824107,0.8223006644321161
1,0.8644799765430277,0.8132592300957091,0.8947016637346682,0.5249051040580044,0.89207715,0.9241988391478617
1,0.7386012136578137,0.7640715679169051,0.725145379405286,0.49831129915260314,0.7567338,0.768538167518851
1,0.8436684763404436,0.9994538343759374,0.9528796067316315,0.506092923465968,0.9702056,0.9764252618962456
1,0.8578684697220426,0.9999438115444943,0.9781238003650503,0.506092923465968,0.96844953,0.9817072512368028
1,0.8857015067088666,0.9848503650214712,0.8891211409125689,0.5427633777462125,0.9180772,0.937310902239326
1,0.7807286172724152,0.9545670232994887,0.859792516753672,0.49831129915260314,0.87115484,0.8840579683513556
1,0.687267626127974,0.6827164459002789,0.784292082626898,0.44321083601755756,0.85969174,0.9276736222257099
1,0.6927301792156345,0.6199364435064845,0.48306485691674206,0.44262955328056663,0.80466145,0.7940837635836576
1,0.5472697901812266,0.5195312477561285,0.6524697104259415,0.4019786275412789,0.68124354,0.7946731076634107
1,0.6008157969982341,0.910049709396251,0.9044546802600084,0.43022268527237056,0.7465992,0.8188922293332299
1,0.5461562674629954,0.38662769462700863,0.21024953700547017,0.4019786275412789,0.5630136,0.5145019186640166
1,0.8302623301600053,0.9181313574609934,0.9401525826019753,0.506092923465968,0.93099517,0.9636823116948995
1,0.7729632004567967,0.978814727433099,0.9488289118809938,0.49890025286266565,0.934726,0.9671941888597603
1,0.8337187906880459,0.9218527191129889,0.9698260424631715,0.48815306788465873,0.965878,0.976677501909974
1,0.4417612987146434,0.7118529617863752,0.6375231929360533,0.36499093214570316,0.6810798,0.8533356453130718
1,0.7640326959653561,0.6471146916779624,0.5928461273959046,0.49052681392237807,0.7470319,0.7563556927184114
1,0.7640326959653561,0.4973137639774497,0.6614232469515483,0.4803789988376184,0.7752942,0.7923712825551865
1,0.4377585304826335,0.42570125239886974,0.6272278895611004,0.4080727172408037,0.66683215,0.7813122623296879
1,0.7390750992348163,0.5491550490372946,0.7742798206072606,0.44262955328056663,0.76945996,0.774038581818726
1,0.8971057029992453,0.9864764386480511,0.8648258646919704,0.5427633777462125,0.9385432,0.893658890773943
1,0.5437700220689075,0.8999092380738812,0.7511204685194416,0.39971152240884866,0.65788287,0.7787365476523285
1,0.7776325332812744,0.8975152347282321,0.690527634894365,0.49831129915260314,0.7456296,0.7776078542939829
1,0.8443286401196092,0.9914740248012769,0.9738938002976177,0.506092923465968,0.96644086,0.9778413096251245
1,0.7439667800893356,0.5015152931746585,0.5172830123912554,0.44262955328056663,0.61774135,0.6398688883264616
1,0.6392795863012707,0.3346262587364016,0.2966044858933865,0.4833388769647488,0.575358,0.5542942446438838
1,0.7878674067583269,0.7741040140575123,0.7268350248218063,0.49052681392237807,0.7937874,0.8223029473926367
1,0.839953670968627,0.9999996795845593,0.9890119039624411,0.506092923465968,0.9725705,0.978928759487186
1,0.7534923695526413,0.8120942627394483,0.9529778448505805,0.49111557373170367,0.94738317,0.9750662119061375
1,0.8355972017222649,0.9999999711130363,0.9972464421862957,0.506092923465968,0.9830372,0.9897095913376842
1,0.3409950854054514,0.11869072744505392,0.0768854192702476,0.3512232981238447,0.1845527,0.3258265093113584
1,0.7842534373022881,0.9999999132010877,0.9273447482239046,0.49831129915260314,0.8365579,0.8615942089476794
